customer_id,age,gender,city_population,household_size,education_level,annual_income,employment_status,tenure_months,main_account_type,num_standard_accounts,num_savings_accounts,num_student_accounts,num_business_accounts,num_of_accounts,number_of_debit_cards,number_of_credit_cards,number_of_loans,total_loan_amount,current_balance,days_from_last_transaction,avg_monthly_balance_3m,avg_monthly_balance_12m,avg_monthly_spend_3m,avg_monthly_spend_12m,transaction_count_3m,transaction_count_12m,transaction_volume_3m,transaction_volume_12m,declined_transactions_3m,declined_transactions_12m,loan_payments_12m,loan_payments_3m,mobile_app_logins_3m,support_contacts_3m,complaints_3m,mobile_app_logins_12m,support_contacts_12m,complaints_12m,last_support_contact_days,received_satisfaction_survey,filled_satisfaction_survey,nps_segment,days_from_last_app_login,online_banking_logins_3m,days_from_last_web_login,days_from_last_login,online_banking_logins_12m,avg_time_spent_per_login_minutes_3m,avg_time_spent_per_login_minutes_12m,push_clicks_3m,push_clicks_12m,marketing_emails_opened_3m,marketing_emails_opened_12m,churn
682296072cc2439485b282185cfa9eba,35,female,172402,3,unknown,15917,employed,68,standard,3,2,0,0,5,2,1,0,4918,10000000000000,62,10000000000000,10000000000000,10000000000000,10000000000000,6,21,10000000000000,10000000000000,0,0,10000000000000,0,3,2,0,34,0,0,107,True,True,promoter,3,2,1,1,25,4,3,2,10,5,13,False
9b4cab6e4e3c4153bbe2cc71c485c1d8,42,male,159407,2,secondary_education,35387,other,35,standard,3,2,0,0,5,1,0,0,5745,10000000000000,15,10000000000000,10000000000000,10000000000000,10000000000000,7,28,10000000000000,10000000000000,0,0,10000000000000,10000000000000,1,0,0,30,3,0,284,False,False,passive,0,3,0,0,17,2,2,2,5,0,18,False
bd39b985e7f7408bb7f556def89064d5,50,female,57975,2,secondary_education,23082,self-employed,10,standard,1,3,0,0,4,3,0,0,0,10000000000000,12,10000000000000,10000000000000,10000000000000,10000000000000,4,22,10000000000000,10000000000000,0,0,1,10000000000000,3,0,0,23,3,0,39,False,False,passive,0,3,0,0,22,6,3,3,7,1,16,False
773516813b1d4b55b24e0233437020cf,44,female,279380,6,bachelor,45392,employed,19,savings,3,2,0,0,5,1,1,0,20502,10000000000000,22,10000000000000,10000000000000,10000000000000,10000000000000,3,13,10000000000000,10000000000000,0,2,10000000000000,10000000000000,1,1,0,30,7,0,66,True,True,promoter,0,3,2,0,23,4,4,0,2,2,18,False
cbad5352194a4217a5dbc1bc8285740f,40,male,218961,2,unknown,27652,unemployed,29,savings,0,1,0,0,1,0,0,2,16996,10000000000000,67,10000000000000,10000000000000,10000000000000,10000000000000,12,22,10000000000000,10000000000000,0,0,10000000000000,10000000000000,6,2,0,27,1,0,48,True,True,detractor,0,3,0,0,25,4,9,1,6,3,19,True
e4ae0104ea004d24a3b16d7e64cf55f8,49,female,101417,3,bachelor,47058,employed,24,standard,1,1,0,0,2,0,0,0,0,10000000000000,32,10000000000000,10000000000000,10000000000000,10000000000000,6,17,10000000000000,10000000000000,1,0,1,3257125512045,3,2,0,34,2,0,5,False,False,passive,0,2,0,0,28,4,7,0,2,0,16,False
2b9cd365da1b4b8b969ee73047a36421,38,male,214411,1,unknown,26836,employed,45,savings,1,3,0,0,4,1,1,0,10632,10000000000000,17,10000000000000,10000000000000,10000000000000,10000000000000,6,31,10000000000000,10000000000000,1,0,10000000000000,10000000000000,1,0,0,25,6,0,632,False,False,promoter,0,1,1,0,19,3,4,2,6,1,20,False
8b1c0f9ad471449ba0794a8531d0faca,48,male,26417,2,primary_education,33744,employed,37,business,2,0,0,2,4,3,0,0,0,10000000000000,31,10000000000000,10000000000000,10000000000000,10000000000000,6,19,10000000000000,10000000000000,0,1,1,10000000000000,2,2,0,30,0,0,40,False,False,promoter,0,2,0,0,28,8,7,1,6,4,18,False
c5d1981a55c648a5b256c5b696573479,58,male,322015,2,bachelor,37146,self-employed,15,savings,0,2,0,0,2,1,0,0,18858,10000000000000,9,10000000000000,10000000000000,10000000000000,10000000000000,4,21,10000000000000,10000000000000,1,1,10000000000000,0,3,1,0,31,1,0,69,False,False,promoter,0,2,0,0,20,3,2,3,4,2,27,False
470e45261a354498bcc69cb6877dd04c,42,female,61928,3,primary_education,18475,employed,1,standard,1,1,0,0,2,0,0,1,231,10000000000000,8,10000000000000,10000000000000,10000000000000,10000000000000,7,20,10000000000000,10000000000000,0,0,10000000000000,10000000000000,2,0,0,26,3,0,1489,False,False,detractor,0,0,1,0,30,6,7,1,5,2,17,False
f918188fe37845769da90c13bd0445ed,25,female,418064,1,bachelor,34366,employed,0,business,3,0,0,2,5,6,1,0,0,10000000000000,128,10000000000000,10000000000000,10000000000000,10000000000000,5,18,10000000000000,10000000000000,0,2,1,10000000000000,8,2,0,25,0,0,44,False,False,detractor,0,0,0,0,29,6,5,1,7,5,26,False
3d703f6a6731413ba43e33826260532a,57,male,147125,2,secondary_education,36394,employed,76,standard,2,1,0,0,3,1,0,0,6501,10000000000000,15,10000000000000,10000000000000,10000000000000,10000000000000,6,20,10000000000000,10000000000000,0,0,10000000000000,10000000000000,2,0,0,29,1,0,553,False,False,promoter,1,3,0,0,24,4,7,1,3,3,13,True
648b543a705b4572956f3f570e2a0ad9,53,male,247707,1,unknown,44902,unemployed,3,business,0,0,0,1,1,0,0,0,0,10000000000000,5,10000000000000,10000000000000,10000000000000,10000000000000,5,26,10000000000000,10000000000000,0,0,1,10000000000000,5,4,0,29,2,0,23,False,False,passive,0,5,0,0,19,5,0,0,5,1,28,False
b9e5a712d29f48438af8a54751248de4,37,female,376085,1,bachelor,43859,other,38,business,1,0,0,1,2,0,0,0,2508,10000000000000,11,10000000000000,10000000000000,10000000000000,10000000000000,2,19,10000000000000,10000000000000,1,0,10000000000000,10000000000000,4,1,0,33,3,0,1,False,False,passive,0,2,1,0,21,4,0,1,7,1,18,False
b2951a0c94734ccd97c01c9466447975,34,male,197500,2,bachelor,34986,employed,1,business,2,0,0,2,4,5,0,0,3511,10000000000000,29,10000000000000,10000000000000,10000000000000,10000000000000,2,16,10000000000000,10000000000000,0,0,10000000000000,10000000000000,3,4,0,25,2,0,46,False,False,promoter,3,1,2,2,18,7,1,1,2,3,10,True
c669448fd1344b55baf591ba00688449,48,male,138256,2,secondary_education,25520,self-employed,40,standard,5,0,0,0,5,1,2,0,0,10000000000000,14,10000000000000,10000000000000,10000000000000,10000000000000,4,19,10000000000000,10000000000000,0,0,1,10000000000000,2,1,0,28,4,0,21,False,False,promoter,0,0,0,0,28,6,4,0,5,2,22,False
efa2d19bfeca4d2eb924a0358e24656c,20,male,272099,2,bachelor,42644,student,41,standard,3,2,0,0,5,2,0,0,479,10000000000000,174,10000000000000,10000000000000,10000000000000,10000000000000,3,23,10000000000000,10000000000000,0,1,10000000000000,10000000000000,5,4,0,24,1,0,12,False,False,passive,1,3,0,0,26,6,4,1,5,4,17,False
8cc3086cd7c04ef7bd754122a09fc376,40,female,214510,4,bachelor,36339,employed,26,savings,3,0,0,0,3,3,0,0,0,10000000000000,35,10000000000000,10000000000000,10000000000000,10000000000000,1,25,10000000000000,10000000000000,0,1,1,10000000000000,4,1,0,29,5,0,2,False,False,passive,0,1,0,0,31,4,5,2,8,3,17,False
a874d73680294a94b174cfab7d717d8a,43,male,140155,4,bachelor,55439,self-employed,2,student,0,0,0,0,0,0,0,0,0,10000000000000,5,10000000000000,10000000000000,10000000000000,10000000000000,5,18,10000000000000,10000000000000,0,0,1,10000000000000,3,2,0,36,2,0,5,True,True,detractor,1,2,0,0,21,4,2,0,6,1,25,False
c5efe2d8c61f4ec6a39d5c1cc5981d2f,40,female,239951,3,secondary_education,25284,employed,26,business,1,0,0,1,2,1,0,0,0,10000000000000,33,10000000000000,10000000000000,10000000000000,10000000000000,0,0,1,10000000000000,0,0,1,10000000000000,5,2,0,34,2,0,23,False,False,detractor,1,1,0,0,28,6,6,0,3,2,25,False
37147524921f4bfa982272842465c788,31,female,186952,1,bachelor,49794,self-employed,6,business,0,0,0,1,1,0,0,1,8059,10000000000000,18,10000000000000,10000000000000,10000000000000,10000000000000,5,21,10000000000000,10000000000000,0,0,10000000000000,10000000000000,2,0,0,32,1,0,1254,False,False,detractor,2,2,0,0,20,5,7,1,5,3,27,False
ec49a57bb29e457fa3d243553d3f808d,60,female,293145,3,secondary_education,21336,employed,60,student,0,0,2,0,2,0,0,0,32730,10000000000000,104,10000000000000,10000000000000,10000000000000,10000000000000,4,20,10000000000000,10000000000000,0,1,10000000000000,10000000000000,2,0,0,28,2,0,89,False,False,detractor,0,1,0,0,27,4,3,0,6,3,19,False
b7d1804979694240b242a87047748edb,29,male,276604,2,secondary_education,25647,employed,5,savings,1,2,0,0,3,0,0,0,0,10000000000000,11,10000000000000,10000000000000,10000000000000,10000000000000,10,24,10000000000000,10000000000000,0,1,1,10000000000000,0,0,0,29,3,0,15,False,False,detractor,0,0,2,0,25,5,8,3,6,3,19,True
5d28f9a762654223985ef1b47016579b,31,female,288287,2,secondary_education,31772,employed,1,savings,0,3,0,0,3,0,0,0,0,10000000000000,1,10000000000000,10000000000000,10000000000000,10000000000000,6,22,10000000000000,10000000000000,0,1,1,10000000000000,3,0,0,23,3,0,58,False,False,promoter,0,4,0,0,24,7,6,1,5,2,17,False
fe41504bf48342c2b6c99d9260e6ce4b,43,male,126830,1,unknown,37241,employed,53,standard,3,1,0,0,4,3,1,1,5407,10000000000000,18,10000000000000,10000000000000,10000000000000,10000000000000,3,27,10000000000000,10000000000000,0,1,10000000000000,0,6,3,0,29,2,0,21,False,False,passive,0,1,2,0,25,5,4,0,5,2,22,True
1d30897a6da74d31a9a9c799d4d0e3c4,44,male,138093,3,master,50460,self-employed,13,standard,1,2,0,0,3,0,0,0,1211,10000000000000,15,10000000000000,10000000000000,10000000000000,10000000000000,5,12,10000000000000,10000000000000,0,0,10000000000000,10000000000000,1,1,0,27,1,0,22,False,False,promoter,0,2,2,0,26,3,4,0,9,2,24,False
b20bc533ff8f48989675f42c6af3bd64,52,male,290135,3,secondary_education,22666,employed,16,savings,0,1,0,0,1,0,0,0,0,10000000000000,3,10000000000000,10000000000000,10000000000000,10000000000000,7,14,10000000000000,10000000000000,0,0,1,10000000000000,1,1,0,24,4,0,23,False,False,promoter,0,4,0,0,32,5,0,0,3,0,15,True
2610cf1a53d5413f89ce5d1de440d749,43,male,301217,2,secondary_education,27460,employed,3,savings,1,3,0,0,4,1,0,0,0,10000000000000,51,10000000000000,10000000000000,10000000000000,10000000000000,7,19,10000000000000,10000000000000,0,2,1,10000000000000,3,1,0,38,3,0,0,False,False,promoter,0,2,0,0,20,2,7,1,7,2,21,True
cbff69386d0a43ae8b67439d7bcadb75,44,male,101151,2,secondary_education,15516,unemployed,100,business,1,0,0,2,3,2,0,1,4057,10000000000000,49,10000000000000,10000000000000,10000000000000,10000000000000,5,20,10000000000000,10000000000000,0,2,10000000000000,10000000000000,4,0,0,34,1,0,81,False,False,promoter,2,2,1,1,15,1,7,4,3,2,19,False
eee138ab2bcb453d830a735263c95fcd,55,female,202091,3,unknown,37715,employed,25,business,1,0,0,2,3,3,0,0,3763,10000000000000,3,10000000000000,10000000000000,10000000000000,10000000000000,3,22,10000000000000,10000000000000,0,1,10000000000000,10000000000000,1,2,0,29,2,0,90,False,False,promoter,4,5,0,0,17,5,8,1,6,1,23,False
6198fd928b0b4fb1b7396bf4463dc808,44,male,117922,1,unknown,42000,employed,1,standard,1,1,0,0,2,0,0,0,0,10000000000000,23,10000000000000,10000000000000,10000000000000,10000000000000,3,17,10000000000000,10000000000000,0,0,1,10000000000000,4,2,0,22,4,0,10,False,False,passive,0,1,2,0,21,4,4,0,2,1,23,False
83c58e5aed95425781128ab0232d611f,42,female,190219,1,secondary_education,18698,self-employed,63,savings,1,1,0,0,2,2,0,0,0,10000000000000,75,10000000000000,10000000000000,10000000000000,10000000000000,5,12,10000000000000,10000000000000,0,1,1,10000000000000,1,2,0,37,0,0,28,True,True,detractor,0,3,1,0,22,3,9,4,2,0,22,True
2f5b284e803d48bbbffd433ff65ec9ce,52,male,159298,2,secondary_education,36386,employed,3,business,1,0,0,2,3,0,0,0,0,0,33,10000000000000,10000000000000,10000000000000,10000000000000,4,24,10000000000000,10000000000000,1,2,1,10000000000000,1,2,0,18,2,0,12,False,False,passive,0,1,0,0,27,4,4,1,10,0,25,True
414e2e9088f945bb9601fa52a3fb834b,54,female,161543,1,bachelor,59983,employed,33,student,0,0,0,0,0,0,0,0,17513,10000000000000,31,10000000000000,10000000000000,10000000000000,10000000000000,6,15,10000000000000,10000000000000,0,0,10000000000000,10000000000000,5,1,0,28,2,0,6,False,False,detractor,1,2,0,0,30,5,2,0,4,1,19,False
0ead118f5c7f4a718e08eab416d0f0d4,44,male,168808,5,unknown,47074,employed,64,student,0,0,1,0,1,0,0,0,0,10000000000000,33,10000000000000,10000000000000,10000000000000,10000000000000,5,22,10000000000000,10000000000000,0,1,1,10000000000000,3,0,0,36,5,0,569,False,False,detractor,0,3,1,0,22,1,5,0,6,5,24,False
b13d2631fc694cf889c52cecd87ff208,47,female,166277,1,bachelor,38312,employed,54,savings,1,1,0,0,2,2,0,0,0,10000000000000,69,10000000000000,10000000000000,10000000000000,10000000000000,8,17,10000000000000,10000000000000,0,0,1,10000000000000,1,0,0,35,1,0,339,False,False,passive,2,3,0,0,27,10,9,0,6,5,22,False
a49bb21672bc48e488708d980b705a04,37,female,146617,1,bachelor,38759,employed,41,savings,0,0,0,0,0,0,0,0,0,10000000000000,20,10000000000000,10000000000000,10000000000000,10000000000000,8,18,10000000000000,10000000000000,0,0,1,10000000000000,5,2,0,35,0,0,8,False,False,promoter,0,4,0,0,30,4,4,1,3,0,25,False
a0ff7474f6634ab5b34232470fcafc3c,38,male,353014,1,bachelor,29318,employed,24,business,2,0,0,1,3,1,0,0,0,10000000000000,10,10000000000000,10000000000000,10000000000000,10000000000000,8,18,10000000000000,10000000000000,0,0,1,10000000000000,2,0,0,28,0,0,1067,False,False,passive,0,3,0,0,30,5,6,5,5,2,19,False
f90c0bd06d544979bb5d9d044a3b00ae,42,male,160370,1,bachelor,46518,employed,17,student,0,0,0,0,0,0,0,0,13573,10000000000000,17,10000000000000,10000000000000,10000000000000,10000000000000,2,11,10000000000000,10000000000000,0,0,10000000000000,10000000000000,0,0,0,35,4,0,100,False,False,passive,1,0,0,0,26,6,4,0,4,4,30,False
3e2981e9353b44b7a8c7d5f21d799bd2,58,female,320859,2,bachelor,52292,employed,10,student,0,0,1,0,1,0,0,0,4969,10000000000000,2,10000000000000,10000000000000,10000000000000,10000000000000,7,25,10000000000000,10000000000000,0,0,10000000000000,10000000000000,2,1,0,28,3,0,17,False,False,promoter,2,1,1,1,27,6,6,0,4,5,18,False
971514f391a24a739c32d2094ca53b9f,44,female,158158,3,bachelor,38328,employed,55,savings,1,2,0,0,3,0,0,0,1541,10000000000000,19,10000000000000,10000000000000,10000000000000,10000000000000,2,21,10000000000000,10000000000000,0,0,10000000000000,10000000000000,2,0,0,30,1,0,920,False,False,detractor,0,3,1,0,26,6,8,1,6,2,19,False
b9afc6e550504f98916e08a98801c5e4,45,female,408595,2,secondary_education,38137,employed,11,savings,3,2,0,0,5,2,1,0,5000,10000000000000,19,10000000000000,10000000000000,10000000000000,10000000000000,6,17,10000000000000,10000000000000,0,1,10000000000000,10000000000000,5,0,0,22,3,0,431,False,False,passive,0,3,3,0,25,1,7,0,4,2,19,False
c75a6a978ef14310b068993ea81f7062,52,male,125897,1,secondary_education,44282,employed,56,standard,5,1,0,0,6,1,0,0,1613,10000000000000,25,10000000000000,10000000000000,10000000000000,10000000000000,6,15,10000000000000,10000000000000,0,0,10000000000000,10000000000000,1,0,0,24,2,0,664,False,False,passive,0,1,0,0,24,9,5,2,8,2,16,False
a4d3ce8c9728447598465c23c8fb0697,22,male,167982,3,bachelor,45120,unemployed,34,student,0,0,0,0,0,0,0,0,0,10000000000000,31,10000000000000,10000000000000,10000000000000,10000000000000,8,33,10000000000000,10000000000000,0,1,1,10000000000000,2,1,0,29,1,0,52,False,False,passive,0,3,0,0,28,3,6,1,7,1,15,True
e0aee13826254536937dceca92b84690,26,female,211604,1,bachelor,48962,employed,8,business,1,0,0,2,3,2,0,0,0,10000000000000,40,10000000000000,10000000000000,10000000000000,10000000000000,10,19,10000000000000,10000000000000,0,0,1,0,3,0,0,24,1,0,463,False,False,promoter,1,2,0,0,25,5,4,1,11,3,12,False
7b4bdf50bd1948788e26999d0418c1d3,57,female,32118,3,bachelor,31283,employed,5,standard,1,0,0,0,1,0,0,0,10767,10000000000000,0,10000000000000,10000000000000,10000000000000,10000000000000,6,23,10000000000000,10000000000000,0,3,10000000000000,10000000000000,3,1,0,34,8,0,43,False,False,passive,0,2,0,0,23,3,10,0,9,2,22,False
2eba3b48c61b4a768ebc50f54888e631,37,female,343852,3,bachelor,63461,employed,26,student,0,0,1,0,1,0,0,0,5384,10000000000000,67,10000000000000,10000000000000,10000000000000,10000000000000,3,25,10000000000000,10000000000000,0,1,10000000000000,0,2,2,0,27,3,0,5,False,False,detractor,1,4,1,1,24,7,9,2,3,3,24,False
08aa72d124ed434db8e5afd6cec3fb18,34,female,182129,4,secondary_education,32426,employed,12,business,1,0,0,2,3,2,0,0,9609,10000000000000,13,10000000000000,10000000000000,10000000000000,10000000000000,7,21,10000000000000,10000000000000,0,1,10000000000000,10000000000000,4,2,1,27,2,0,8,False,False,passive,1,1,0,0,29,3,7,1,3,5,22,False
38a7c08447214e8cba15398f7ddb111c,46,female,282681,1,secondary_education,15437,self-employed,27,student,0,0,1,0,1,0,0,1,0,10000000000000,31,10000000000000,10000000000000,10000000000000,10000000000000,7,20,10000000000000,10000000000000,1,2,1,10000000000000,2,0,0,23,0,0,140,False,False,detractor,0,1,1,0,21,9,9,0,2,2,19,False
e3fd1c8023a24bbab137186ce46a5809,29,male,325993,4,primary_education,23465,employed,15,standard,2,0,0,0,2,0,0,0,7970,10000000000000,47,10000000000000,10000000000000,10000000000000,10000000000000,5,25,10000000000000,10000000000000,0,0,10000000000000,10000000000000,2,0,0,27,2,0,118,False,False,passive,0,3,0,0,30,6,12,1,5,3,19,False
776dc8d721db4dffa05da2c4a2c44aba,58,female,500,2,bachelor,51454,self-employed,2,student,0,0,1,0,1,0,0,0,7334,10000000000000,9,10000000000000,10000000000000,10000000000000,10000000000000,4,25,10000000000000,10000000000000,0,1,10000000000000,0,3,2,0,23,1,0,5,False,False,passive,2,3,2,2,26,3,5,0,8,0,23,False
1f0e59ca8481421e99372766c7d76493,48,female,296373,3,secondary_education,44177,self-employed,23,standard,1,3,0,0,4,0,0,0,0,10000000000000,2,10000000000000,10000000000000,10000000000000,10000000000000,5,22,10000000000000,10000000000000,0,0,1,10000000000000,10,3,0,28,3,0,38,False,False,detractor,2,3,0,0,22,3,3,2,8,3,17,False
42f579d46b154098bb0639471f71ea5c,18,female,237738,2,secondary_education,33433,student,1,business,1,0,0,4,5,2,3,0,6359,10000000000000,13,10000000000000,10000000000000,10000000000000,10000000000000,2,18,10000000000000,10000000000000,0,0,0,1,4,0,0,26,2,0,5,False,False,passive,1,4,0,0,29,6,4,0,2,3,21,False
eb580f44d58a40818d5e4c01ffa8cb56,27,female,128744,4,bachelor,49219,student,45,savings,1,1,0,0,2,3,0,0,2056,10000000000000,56,10000000000000,10000000000000,10000000000000,10000000000000,4,19,10000000000000,10000000000000,0,1,10000000000000,0,4,2,0,32,1,0,37,False,False,promoter,0,1,0,0,33,2,1,0,4,5,16,False
05076baaa1554a81a6707d60205a02c7,52,male,80636,1,master,63946,employed,7,business,1,0,0,1,2,0,0,0,5536,10000000000000,30,10000000000000,10000000000000,10000000000000,10000000000000,5,22,10000000000000,10000000000000,0,0,10000000000000,10000000000000,4,1,0,26,4,0,46,False,False,passive,1,2,0,0,25,4,0,1,5,3,20,False
94227a8f94d74e8293898d091de8c1b9,54,male,209087,3,primary_education,23774,employed,12,business,0,0,0,1,1,0,0,0,0,10000000000000,12,10000000000000,10000000000000,10000000000000,10000000000000,4,19,10000000000000,10000000000000,0,1,1,10000000000000,2,2,0,25,1,0,8,False,False,promoter,3,2,2,2,22,0,6,0,6,0,16,True
9c0c5e13d4724cf297a9008e2e00d4b5,37,female,302874,1,master,74145,self-employed,9,standard,2,0,0,0,2,2,0,0,10234,10000000000000,4,10000000000000,10000000000000,10000000000000,10000000000000,4,13,10000000000000,10000000000000,0,0,0,1,2,1,0,31,3,0,2,False,False,promoter,1,3,0,0,32,6,8,0,1,2,24,True
ea8aaffec5a54fd2be786ee6541339b1,30,male,197454,5,bachelor,46736,self-employed,53,standard,1,2,0,0,3,0,0,0,17524,10000000000000,25,10000000000000,10000000000000,10000000000000,10000000000000,5,16,10000000000000,10000000000000,0,0,10000000000000,0,4,0,0,34,1,0,286,False,False,detractor,0,2,0,0,20,4,1,2,11,0,27,False
b285d818d4ae4f0fb65c052e816b7248,30,female,218653,3,bachelor,48089,employed,7,savings,1,3,0,0,4,2,0,0,12931,10000000000000,33,10000000000000,10000000000000,10000000000000,10000000000000,9,22,10000000000000,10000000000000,0,1,10000000000000,10000000000000,5,4,0,25,4,0,28,False,False,promoter,0,4,1,0,19,1,4,1,6,0,19,False
9c73aae50db84f71bcd6c27e991bfbf5,29,female,290322,1,bachelor,53977,self-employed,1,student,0,0,2,0,2,0,0,1,0,10000000000000,6,10000000000000,10000000000000,10000000000000,10000000000000,7,26,10000000000000,10000000000000,0,0,1,10000000000000,7,1,0,20,2,0,20,False,False,detractor,0,2,0,0,19,7,3,1,3,2,19,False
7dd199c79aff486d8d05f651a7c18c50,37,male,6999,1,master,53577,employed,40,business,0,0,0,2,2,1,0,0,0,10000000000000,2,10000000000000,10000000000000,10000000000000,10000000000000,9,24,10000000000000,10000000000000,0,0,1,10000000000000,3,0,0,24,1,0,208,False,False,detractor,1,1,0,0,31,5,5,0,5,2,21,False
f2c18fbd64aa4644b0735e3021656163,26,male,303454,2,bachelor,38702,employed,13,standard,0,0,0,0,0,0,0,0,0,10000000000000,8,10000000000000,10000000000000,10000000000000,10000000000000,3,13,10000000000000,10000000000000,1,0,1,10000000000000,6,2,0,33,2,0,4,False,False,passive,2,4,1,1,27,4,15,3,5,2,24,False
efda37a6c7ea4e6ba2a609dff2981690,49,female,272499,3,bachelor,32275,other,37,business,1,0,0,5,6,1,0,0,17292,10000000000000,17,10000000000000,10000000000000,10000000000000,10000000000000,5,15,10000000000000,10000000000000,0,1,0,1,3,1,0,21,2,0,56,True,True,promoter,0,2,0,0,21,5,5,2,6,2,13,False
eb687f40068a4fd6a8b689095bb3c0d2,33,male,237803,3,primary_education,26235,self-employed,25,savings,2,0,0,0,2,2,0,0,0,10000000000000,21,10000000000000,10000000000000,10000000000000,10000000000000,7,12,10000000000000,10000000000000,0,0,1,10000000000000,1,3,0,29,4,0,76,False,False,promoter,1,6,0,0,34,5,8,2,5,2,28,False
4a129d6623da468a8022e4e072ff112a,43,female,276070,2,bachelor,45952,employed,32,standard,2,0,0,0,2,2,0,0,0,10000000000000,37,10000000000000,10000000000000,10000000000000,10000000000000,6,28,10000000000000,10000000000000,0,0,1,10000000000000,5,4,0,32,2,0,9,False,False,passive,2,0,0,0,35,4,6,1,2,2,22,False
83d21caaa355460d8bfe90903b8902e7,50,male,7138,2,master,70632,self-employed,72,student,0,0,0,0,0,0,0,0,0,10000000000000,11,10000000000000,10000000000000,10000000000000,10000000000000,3,21,10000000000000,10000000000000,0,1,1,10000000000000,1,0,0,20,3,0,492,False,False,passive,1,2,0,0,24,4,3,0,9,3,17,False
1cac5b2cb8d24362b5ca84b5bf24f145,20,female,27864,3,bachelor,45835,student,3,standard,1,1,0,0,2,1,0,0,0,10000000000000,6,10000000000000,10000000000000,10000000000000,10000000000000,7,34,10000000000000,10000000000000,0,2,1,0,3,2,0,35,2,0,9,False,False,passive,1,2,1,1,27,2,3,1,3,3,24,False
4efded8895c44cc0bfb2cd0d8abed321,46,male,162206,6,master,63831,employed,25,business,1,0,0,2,3,1,0,0,0,10000000000000,17,10000000000000,10000000000000,10000000000000,10000000000000,7,18,10000000000000,10000000000000,0,0,1,1161,2,0,0,31,0,0,523,False,False,promoter,0,2,0,0,29,2,3,1,6,3,14,False
c7eb08f917f143f89ef731d8b0dce51b,51,female,261854,3,bachelor,49387,employed,7,savings,1,3,0,0,4,3,0,1,6500,10000000000000,39,10000000000000,10000000000000,10000000000000,10000000000000,4,19,10000000000000,10000000000000,0,3,10000000000000,10000000000000,5,1,0,38,4,0,8,False,False,detractor,1,2,1,1,32,5,1,2,9,1,22,False
8f66fc37e06249e0817c3bb1fe004faf,51,male,300772,1,bachelor,44534,employed,55,savings,0,2,0,0,2,1,0,0,6353,10000000000000,43,10000000000000,10000000000000,10000000000000,10000000000000,9,23,10000000000000,10000000000000,0,2,10000000000000,10000000000000,2,1,0,21,1,0,1,False,False,passive,3,0,2,2,21,6,0,0,7,5,18,False
d863047231b3496b9ce36e6edc50f90c,50,male,229976,1,bachelor,43347,employed,16,student,0,0,0,0,0,0,0,0,0,10000000000000,13,10000000000000,10000000000000,10000000000000,10000000000000,9,20,10000000000000,10000000000000,0,1,1,10000000000000,2,2,0,22,0,0,26,False,False,passive,0,4,0,0,27,2,7,2,3,2,23,False
46cb8f1d870241f58569c621c5edd911,38,female,243635,1,secondary_education,20325,employed,2,student,0,0,2,0,2,1,0,0,0,10000000000000,8,10000000000000,10000000000000,10000000000000,10000000000000,5,24,10000000000000,10000000000000,1,0,1,10000000000000,4,2,0,30,4,0,4,False,False,passive,0,1,1,0,21,1,1,0,6,3,18,False
d395111b242046599a769d176f70aeda,52,female,154113,1,bachelor,50449,employed,14,student,0,0,0,0,0,0,0,0,16705,10000000000000,30,10000000000000,10000000000000,10000000000000,10000000000000,6,20,10000000000000,10000000000000,1,1,10000000000000,10000000000000,1,2,0,27,0,0,25,False,False,promoter,0,2,0,0,20,4,4,0,3,0,19,False
1b028f3340194c199bca3af6ab57f525,50,male,59263,2,bachelor,57435,self-employed,3,business,0,0,0,1,1,0,0,0,0,10000000000000,44,10000000000000,10000000000000,10000000000000,10000000000000,4,14,10000000000000,10000000000000,0,0,1,0,7,6,0,27,0,0,11,False,False,promoter,0,4,0,0,28,3,5,2,1,1,19,False
5312e7887ab443ce9dfa7fb66171be40,59,female,261881,1,secondary_education,34255,self-employed,6,standard,3,0,0,0,3,0,0,0,3288,10000000000000,24,10000000000000,10000000000000,10000000000000,10000000000000,3,15,10000000000000,10000000000000,0,1,0,1,7,2,0,23,2,0,0,False,False,detractor,0,2,1,0,26,3,6,0,6,1,24,True
121592e3e47a4574b15ef41749697b0a,38,male,259098,2,secondary_education,28869,employed,14,business,1,0,0,0,1,0,0,0,9039,10000000000000,29,10000000000000,10000000000000,10000000000000,10000000000000,7,20,10000000000000,10000000000000,0,1,0,1,4,1,0,29,3,0,36,False,False,promoter,2,2,1,1,20,2,2,1,5,2,21,False
05d35b6e25184cb5bf8b08c202a1f294,36,female,246933,1,bachelor,55840,self-employed,6,business,2,0,0,2,4,2,0,0,12287,10000000000000,35,10000000000000,10000000000000,10000000000000,10000000000000,6,30,10000000000000,10000000000000,0,0,10000000000000,10000000000000,1,0,0,34,1,0,1896,False,False,promoter,1,3,2,1,29,4,3,5,6,2,15,False
3f2a202dce3f468294ed7143d61ffbf2,45,female,79921,1,unknown,22262,employed,1,student,0,0,0,0,0,0,0,0,23027,10000000000000,9,10000000000000,10000000000000,10000000000000,10000000000000,7,17,10000000000000,10000000000000,0,1,10000000000000,10000000000000,1,1,0,31,2,0,0,False,False,detractor,1,2,0,0,26,5,2,0,7,3,17,False
cd1c060fc1bd4d97beb7dd21b7eb2bd5,45,male,450274,1,bachelor,41106,self-employed,6,business,0,0,0,5,5,2,1,0,13963,10000000000000,12,10000000000000,10000000000000,10000000000000,10000000000000,2,11,10000000000000,10000000000000,0,1,10000000000000,0,4,1,0,24,2,0,61,False,False,detractor,0,0,0,0,24,8,7,1,4,2,25,False
1d729f003b0445aa9a279d08a182338e,34,male,278447,4,bachelor,57426,employed,10,standard,2,0,0,0,2,1,0,0,0,10000000000000,14,10000000000000,10000000000000,10000000000000,10000000000000,3,21,10000000000000,10000000000000,0,1,1,0,6,3,1,36,2,0,65,False,False,passive,0,0,0,0,24,8,4,0,4,2,23,False
0f2de3039a1c4b30bc4afe72f911be11,38,female,198081,1,master,72730,employed,29,student,0,0,3,0,3,1,0,0,9116,10000000000000,3,10000000000000,10000000000000,10000000000000,10000000000000,3,18,10000000000000,10000000000000,0,1,0,1,2,0,0,27,4,0,413,False,False,detractor,2,1,1,1,25,7,9,1,7,4,20,False
b689ee521d2442e5bfeadd551b71254a,46,male,102369,5,bachelor,56041,self-employed,48,student,0,0,3,0,3,0,0,1,0,10000000000000,11,10000000000000,10000000000000,10000000000000,10000000000000,4,22,10000000000000,10000000000000,0,0,1,10000000000000,6,3,0,25,2,0,1,True,False,promoter,1,2,0,0,30,8,3,1,3,3,12,False
f45cd0762b68439a8cb6e9f38ad391ea,25,female,48329,2,bachelor,41803,unemployed,18,standard,1,1,0,0,2,1,0,1,186,10000000000000,35,10000000000000,10000000000000,10000000000000,10000000000000,8,18,10000000000000,10000000000000,2,0,10000000000000,10000000000000,5,1,0,26,3,0,3,False,False,passive,1,3,0,0,32,1,9,1,3,1,18,False
a67aa02f966e4f5bbc7e44c6be69d6b8,34,male,75378,2,bachelor,31292,employed,25,business,0,0,0,2,2,0,0,0,120,10000000000000,1,10000000000000,10000000000000,10000000000000,10000000000000,6,18,10000000000000,10000000000000,0,0,10000000000000,10000000000000,0,0,0,28,3,0,262,False,False,detractor,0,0,1,0,34,4,5,3,6,2,19,True
b18b9260982c49c583b54ef8013cdad0,35,female,251775,2,secondary_education,34927,employed,60,business,0,0,0,1,1,0,0,0,0,10000000000000,17,10000000000000,10000000000000,10000000000000,10000000000000,7,22,10000000000000,10000000000000,0,0,1,10000000000000,4,0,0,27,0,0,333,False,False,passive,0,5,0,0,34,4,8,1,8,1,27,False
816cb70eae424c72aa4a9a4bcd47bb09,61,male,344650,3,secondary_education,23869,retired,21,student,0,0,0,0,0,0,0,0,2387,10000000000000,7,10000000000000,10000000000000,10000000000000,10000000000000,10,24,10000000000000,10000000000000,0,0,10000000000000,10000000000000,4,1,0,34,3,0,35,True,True,detractor,0,2,0,0,27,1,2,0,2,3,21,False
f4cd9ff48b774fa0a390c71e955161c2,23,female,15507,2,master,42367,unemployed,15,student,0,0,0,0,0,0,0,1,0,10000000000000,10,10000000000000,10000000000000,10000000000000,10000000000000,9,18,10000000000000,10000000000000,0,0,1,10000000000000,7,0,0,34,2,0,615,False,False,passive,0,2,0,0,26,3,1,2,3,1,21,False
202394464d824b979cd29307aaf2e105,46,male,213263,2,secondary_education,40947,employed,27,standard,3,1,0,0,4,0,1,0,7428,10000000000000,29,10000000000000,10000000000000,10000000000000,10000000000000,0,0,1,10000000000000,0,0,10000000000000,10000000000000,2,1,0,26,3,0,21,False,False,passive,1,1,0,0,20,2,6,1,6,2,18,True
29ba37987ad343c590707e56a4b4c59f,44,male,35977,3,master,61767,employed,107,business,2,0,0,1,3,0,0,0,12782,10000000000000,1,10000000000000,10000000000000,10000000000000,10000000000000,6,14,10000000000000,10000000000000,0,1,10000000000000,0,2,3,0,30,1,0,27,False,False,detractor,0,0,3,0,22,4,0,0,4,3,24,False
22afd3ac2bd342ceb0dc0d2e4ab3a158,68,female,203894,1,master,58137,self-employed,35,student,0,0,0,0,0,0,0,0,0,10000000000000,39,10000000000000,10000000000000,10000000000000,10000000000000,4,19,10000000000000,10000000000000,0,1,1,10000000000000,1,3,0,38,2,0,24,False,False,detractor,1,2,0,0,19,9,10,2,6,0,18,False
68865096ecb74aeeb1f4c07fda5d482d,24,male,268160,2,master,53920,employed,3,standard,2,0,0,0,2,3,0,0,2039,10000000000000,18,10000000000000,10000000000000,10000000000000,10000000000000,5,28,10000000000000,10000000000000,0,0,0,1,3,2,0,26,2,0,84,False,False,passive,0,0,1,0,22,1,8,0,3,1,27,False
b9128c68b1eb423184c7e5aeed0f3e57,34,male,492737,3,master,61149,employed,23,business,2,0,0,3,5,2,0,0,0,10000000000000,43,10000000000000,10000000000000,10000000000000,10000000000000,6,19,10000000000000,10000000000000,0,1,1,0,4,1,0,31,2,0,16,False,False,detractor,0,2,1,0,37,4,9,5,4,1,15,False
e56596dddbf3449fa328bbfeea9aec5e,35,male,31648,2,unknown,31689,self-employed,25,savings,1,2,0,0,3,1,0,0,2817,10000000000000,6,10000000000000,10000000000000,10000000000000,10000000000000,6,22,10000000000000,10000000000000,0,0,0,1,5,1,0,39,3,0,13,False,False,promoter,2,2,0,0,26,9,7,0,8,2,20,False
e1abd950f1584065a6b1e9093d99ede1,42,male,238332,1,bachelor,33807,employed,11,student,0,0,1,0,1,0,0,0,0,10000000000000,54,10000000000000,10000000000000,10000000000000,10000000000000,6,21,10000000000000,10000000000000,0,1,1,10000000000000,3,0,0,32,1,0,407,False,False,promoter,0,3,2,0,21,6,0,2,3,0,25,False
5a6f1d7b9e6448e48c9f52d1424c8dae,27,male,155338,3,bachelor,55125,employed,27,savings,1,1,0,0,2,0,0,0,11410,10000000000000,8,10000000000000,10000000000000,10000000000000,10000000000000,1,15,10000000000000,10000000000000,0,1,10000000000000,10000000000000,1,3,0,41,7,0,57,False,False,promoter,0,1,2,0,29,5,5,0,2,2,29,True
c1525bd5ff0949768cf29716dd0ea218,40,female,157268,2,secondary_education,21130,employed,10,savings,1,1,0,0,2,0,0,0,5816,10000000000000,41,10000000000000,10000000000000,10000000000000,10000000000000,5,27,10000000000000,10000000000000,0,0,10000000000000,0,0,0,0,19,4,0,350,False,False,passive,0,2,0,0,38,4,9,0,9,1,25,True
df72c6b7b817487c8e5cc66de80c69c5,48,female,344892,2,master,70560,employed,74,student,0,0,3,0,3,1,0,0,0,10000000000000,1,10000000000000,10000000000000,10000000000000,10000000000000,6,11,10000000000000,10000000000000,0,0,1,10000000000000,2,1,0,30,1,0,5,True,False,passive,2,2,0,0,29,3,4,1,5,2,20,False
c0a8fdc4b71f4cef8274aed4cf8db002,33,female,307897,2,master,55144,self-employed,7,savings,1,0,0,0,1,0,0,0,0,10000000000000,8,10000000000000,10000000000000,10000000000000,10000000000000,5,25,10000000000000,10000000000000,1,1,1,10000000000000,2,1,0,34,1,0,21,False,False,passive,0,6,3,0,23,6,8,0,5,1,22,False
238e9999bc5f458ea83af90dae32c2bf,56,male,141403,4,primary_education,20960,employed,25,standard,2,0,0,0,2,1,0,0,16707,10000000000000,120,10000000000000,10000000000000,10000000000000,10000000000000,4,19,10000000000000,10000000000000,0,0,10000000000000,0,3,1,0,36,5,0,23,False,False,passive,0,1,0,0,27,3,8,0,5,2,20,False
41892ea084144e07b72ced76b9f55e95,31,female,69710,1,unknown,41590,employed,13,business,1,0,0,4,5,0,1,0,0,10000000000000,6,10000000000000,10000000000000,10000000000000,10000000000000,3,18,10000000000000,10000000000000,0,1,1,10000000000000,6,3,0,24,4,0,8,False,False,passive,0,2,1,0,23,4,6,0,6,0,21,False
b938d42d905745aba7b4e4785fd16ef1,47,female,133390,2,no_formal_education,22199,self-employed,20,savings,0,5,0,0,5,1,0,1,21504,10000000000000,19,10000000000000,10000000000000,10000000000000,10000000000000,0,0,1,10000000000000,0,0,10000000000000,902,4,0,0,27,0,0,101,False,False,promoter,1,0,1,1,27,4,6,1,5,0,14,False
a9cb462c54d84b849fd76ae0abf147aa,29,female,520703,1,master,73554,employed,2,business,2,0,0,1,3,1,0,1,1479,10000000000000,88,10000000000000,10000000000000,10000000000000,10000000000000,2,21,10000000000000,10000000000000,1,0,10000000000000,10000000000000,3,0,0,26,3,0,264,False,False,promoter,0,0,0,0,26,5,5,0,6,1,17,False
993ffadf6274472f96aec0ca2df614ae,18,male,379106,1,bachelor,30909,student,1,savings,0,1,0,0,1,0,0,0,11819,10000000000000,25,10000000000000,10000000000000,10000000000000,10000000000000,2,15,10000000000000,10000000000000,0,0,10000000000000,0,2,1,0,26,4,0,32,False,False,passive,1,2,0,0,21,4,10,1,4,1,35,False
2bc6e410a6744746aa27a7fc4f206277,26,male,164106,2,master,47215,employed,14,savings,1,4,0,0,5,2,0,0,8134,10000000000000,15,10000000000000,10000000000000,10000000000000,10000000000000,6,19,10000000000000,10000000000000,0,1,10000000000000,10000000000000,4,1,0,27,1,0,4,False,False,detractor,0,1,0,0,24,7,4,1,7,3,10,False
afc221575be046429f345eb708a38ee0,39,male,172539,3,bachelor,38763,other,4,business,1,0,0,3,4,3,0,0,0,10000000000000,20,10000000000000,10000000000000,10000000000000,10000000000000,7,21,10000000000000,10000000000000,0,0,1,10000000000000,6,1,0,28,2,0,25,False,False,passive,0,2,0,0,24,2,11,0,8,2,15,False
41f325bae67841d5b41aba958e1f421a,42,female,191661,3,bachelor,69895,employed,7,business,3,0,0,1,4,2,0,0,9223,10000000000000,177,10000000000000,10000000000000,10000000000000,10000000000000,4,18,10000000000000,10000000000000,0,0,0,1,2,1,0,29,1,0,52,False,False,passive,0,0,0,0,34,2,7,1,4,3,16,False
75d745ae6ae843feb8067ed7c5bef3b6,43,male,136666,2,secondary_education,42854,employed,37,standard,1,2,0,0,3,0,0,0,1001,10000000000000,96,10000000000000,10000000000000,10000000000000,10000000000000,3,21,10000000000000,10000000000000,0,1,10000000000000,10000000000000,1,1,0,39,2,0,1,False,False,passive,1,3,1,1,24,3,5,2,3,3,19,False
000e569bf3de45409ceae4b0e6af6fd1,59,female,167667,1,no_formal_education,21162,employed,54,savings,1,2,0,0,3,2,0,0,0,10000000000000,28,10000000000000,10000000000000,10000000000000,10000000000000,3,19,10000000000000,10000000000000,0,1,1,0,1,2,0,28,2,0,3,False,False,detractor,0,3,0,0,31,5,6,1,7,1,25,True
cb8ec4b588e64f30be1bb2b25169729c,18,male,110893,6,unknown,42026,student,29,student,0,0,1,0,1,0,0,1,6406,10000000000000,57,10000000000000,10000000000000,10000000000000,10000000000000,7,15,10000000000000,10000000000000,1,0,0,1,3,4,0,31,1,0,30,True,False,passive,1,1,0,0,24,3,7,0,8,2,22,False
0e4f0664ef7e42eca3c5b59c9274452b,28,female,220512,3,bachelor,53914,self-employed,0,student,0,0,1,0,1,0,0,1,0,10000000000000,19,10000000000000,10000000000000,10000000000000,10000000000000,3,20,10000000000000,10000000000000,0,2,1,233159775162,5,1,0,27,3,0,25,True,True,promoter,0,3,1,0,24,5,4,1,3,2,22,False
9f8e0c40005c4b4097b984db2d61d98d,33,female,143028,2,bachelor,31081,employed,14,savings,0,0,0,0,0,0,0,0,13187,10000000000000,34,10000000000000,10000000000000,10000000000000,10000000000000,2,23,10000000000000,10000000000000,0,1,10000000000000,10000000000000,5,3,1,35,1,1,55,False,False,promoter,0,4,0,0,18,3,8,2,6,2,22,False
e3a11eeb994f41e0984e2c77e84ec335,45,female,324342,1,master,48169,employed,4,standard,3,2,0,0,5,2,0,0,13395,0,43,10000000000000,10000000000000,10000000000000,10000000000000,7,17,10000000000000,10000000000000,0,1,10000000000000,10000000000000,2,1,0,42,2,0,35,False,False,detractor,0,3,0,0,27,3,7,0,6,4,24,False
9c4c2253e30743bfb29a385c2b342d15,49,female,354630,3,master,64745,employed,0,savings,2,4,0,0,6,3,0,0,2833,10000000000000,13,10000000000000,10000000000000,10000000000000,10000000000000,7,23,10000000000000,10000000000000,0,0,0,1,2,2,0,30,2,0,4,False,False,detractor,0,1,0,0,17,6,3,1,3,4,22,False
83cba22ff2984fb8bd6ac09102775a36,43,male,230256,1,unknown,32524,employed,51,savings,1,3,0,0,4,2,0,0,14283,10000000000000,18,10000000000000,10000000000000,10000000000000,10000000000000,6,28,10000000000000,10000000000000,0,1,10000000000000,10000000000000,4,1,0,40,1,0,75,True,False,passive,0,1,0,0,24,2,5,0,4,1,19,False
eaa9eeaebb0d4b548af89aabe7fc7d15,38,male,14284,3,master,76032,self-employed,47,savings,0,3,0,0,3,1,0,1,0,10000000000000,8,10000000000000,10000000000000,10000000000000,10000000000000,4,21,10000000000000,10000000000000,0,1,1,10000000000000,5,3,0,30,2,0,11,False,False,detractor,0,1,0,0,22,6,3,1,7,1,9,False
9396edfe919a45589fbe5c5d3a203682,50,male,16531,2,bachelor,36191,employed,18,business,2,0,0,3,5,1,1,0,0,10000000000000,10,10000000000000,10000000000000,10000000000000,10000000000000,6,25,10000000000000,10000000000000,0,0,1,10000000000000,2,1,0,25,1,0,128,False,False,promoter,0,0,0,0,30,6,6,1,5,1,19,False
40ba7231d4e2458b833f78e32a0bf60b,32,male,288864,3,secondary_education,29366,self-employed,45,student,0,0,2,0,2,4,0,0,13316,10000000000000,4,10000000000000,10000000000000,10000000000000,10000000000000,5,21,10000000000000,10000000000000,0,0,10000000000000,10000000000000,3,0,0,33,1,0,806,False,False,passive,0,2,0,0,26,1,3,2,2,1,23,False
7240e70e38e44267a1bcfd3699cf3447,46,female,243528,1,bachelor,48358,self-employed,0,student,0,0,1,0,1,0,0,0,13388,10000000000000,75,10000000000000,10000000000000,10000000000000,10000000000000,9,22,10000000000000,10000000000000,0,1,10000000000000,10000000000000,3,1,0,23,1,0,4,False,False,promoter,0,1,0,0,26,3,3,0,5,1,15,False
af6b4289b6b24d86910135b4f5885cff,18,male,194128,1,master,89381,student,10,student,0,0,2,0,2,1,0,0,0,10000000000000,5,10000000000000,10000000000000,10000000000000,10000000000000,7,15,10000000000000,10000000000000,0,1,1,10000000000000,2,1,0,28,2,0,7,False,False,passive,1,1,0,0,30,7,4,0,8,3,19,True
877132e468d7462c80c6ecffcf26db02,37,male,120918,1,bachelor,60080,employed,29,standard,3,1,0,0,4,2,2,0,10649,10000000000000,6,10000000000000,10000000000000,10000000000000,10000000000000,4,10,10000000000000,10000000000000,0,1,10000000000000,0,2,0,0,33,3,0,96,False,False,promoter,3,5,0,0,26,3,8,0,5,1,23,False
6c15b1cb54324ddd9ff0d4b509a04490,47,male,106198,2,bachelor,33938,employed,58,savings,0,0,0,0,0,0,0,1,0,10000000000000,19,10000000000000,10000000000000,10000000000000,10000000000000,7,18,10000000000000,10000000000000,0,0,1,10000000000000,3,0,0,28,2,0,178,False,False,detractor,1,5,0,0,32,3,2,0,5,1,23,False
17078f4b05e14504b6d79dfb7d35f8b7,40,male,256592,5,bachelor,50674,self-employed,10,savings,1,3,0,0,4,0,0,0,0,10000000000000,9,10000000000000,10000000000000,10000000000000,10000000000000,5,26,10000000000000,10000000000000,0,0,1,10000000000000,3,0,0,32,2,0,184,True,True,passive,2,3,0,0,22,5,0,0,10,3,23,False
ee24174db8e04724b5e90b03111a0f1a,59,female,263219,4,secondary_education,35259,self-employed,55,student,0,0,1,0,1,0,0,2,0,10000000000000,30,10000000000000,10000000000000,10000000000000,10000000000000,9,15,10000000000000,10000000000000,0,1,1,10000000000000,4,0,0,24,1,0,1627,False,False,passive,0,4,1,0,25,3,4,1,3,2,20,False
9998410364734d8db417f837165e4a8a,49,female,414948,1,bachelor,48182,employed,26,business,2,0,0,4,6,1,0,0,18227,10000000000000,20,10000000000000,10000000000000,10000000000000,10000000000000,7,14,10000000000000,10000000000000,0,0,0,1,3,0,0,23,2,0,653,False,False,detractor,1,8,1,1,18,2,0,0,4,0,21,False
3cce345bc8004272b507a001d1a5cdda,37,male,149993,1,bachelor,55130,self-employed,15,student,0,0,0,0,0,0,0,0,8951,10000000000000,2,10000000000000,10000000000000,10000000000000,10000000000000,2,28,10000000000000,10000000000000,0,0,10000000000000,10000000000000,2,0,0,31,4,0,189,False,False,promoter,2,0,0,0,23,8,8,1,9,0,25,False
656f23c2ce8547f38bfd51c36922f2fa,29,male,276651,2,secondary_education,28438,unemployed,39,savings,2,4,0,0,6,2,0,0,0,10000000000000,2,10000000000000,10000000000000,10000000000000,10000000000000,7,22,10000000000000,10000000000000,0,2,1,10000000000000,4,5,0,46,1,0,47,False,False,detractor,0,5,1,0,20,3,7,0,4,1,30,True
f8ae181acb24419fa8c63bb8f15bcb31,19,male,153844,1,bachelor,50394,student,18,business,1,0,0,0,1,0,0,0,14100,10000000000000,6,10000000000000,10000000000000,10000000000000,10000000000000,7,23,10000000000000,10000000000000,0,0,10000000000000,0,1,0,0,30,1,0,41,False,False,promoter,0,0,4,0,31,3,0,1,7,0,19,False
8253314e51a8417690e37d8bfdf0a10f,47,female,185917,1,secondary_education,33435,employed,8,student,0,0,2,0,2,1,0,0,0,10000000000000,22,10000000000000,10000000000000,10000000000000,10000000000000,7,31,10000000000000,10000000000000,0,1,1,10000000000000,3,1,0,28,3,0,103,True,True,passive,2,1,1,1,30,4,4,3,3,0,16,False
b3d9e8ee476047f497de0ea01931c1eb,28,male,222681,1,secondary_education,30921,employed,5,savings,0,3,0,0,3,0,0,0,0,10000000000000,52,10000000000000,10000000000000,10000000000000,10000000000000,1,25,10000000000000,10000000000000,0,0,1,10000000000000,2,2,0,29,1,0,23,False,False,passive,0,4,0,0,25,5,3,1,2,1,23,False
1d05b7bbd5ae45658639b2fed8b91db9,23,female,262403,4,bachelor,53699,employed,0,business,0,0,0,3,3,0,0,0,0,10000000000000,42,10000000000000,10000000000000,10000000000000,10000000000000,8,16,10000000000000,10000000000000,0,0,1,10000000000000,4,2,0,32,3,1,7,False,False,promoter,0,5,0,0,17,4,3,2,6,3,15,False
7d81e2d4af9b45b3a9e47559b9e50e3b,40,female,98443,2,secondary_education,20105,employed,22,standard,4,0,0,0,4,2,0,0,0,10000000000000,69,10000000000000,10000000000000,10000000000000,10000000000000,2,21,10000000000000,10000000000000,1,0,1,10000000000000,4,1,0,39,3,0,21,False,False,passive,0,2,0,0,25,4,8,2,4,2,24,False
79fe4ac41a2d4e10b67ce02949de7778,52,male,314231,4,secondary_education,30207,employed,15,savings,2,1,0,0,3,0,0,1,0,10000000000000,25,10000000000000,10000000000000,10000000000000,10000000000000,7,25,10000000000000,10000000000000,0,1,1,10000000000000,1,1,0,22,4,0,20,False,False,promoter,0,2,3,0,26,6,2,0,3,2,26,False
122ecc3e42ce42e6b9ff2e60afe6a6ea,46,female,181064,3,secondary_education,34339,employed,17,business,3,0,0,2,5,1,3,0,1192,10000000000000,25,10000000000000,10000000000000,10000000000000,10000000000000,4,17,10000000000000,10000000000000,0,0,657,10000000000000,2,1,0,28,3,0,1,False,False,detractor,0,0,0,0,27,8,4,2,8,2,22,False
3fe913666d3744b29b2dd3b2f990802f,34,female,141515,1,secondary_education,28757,employed,2,standard,0,2,0,0,2,1,0,0,0,10000000000000,82,10000000000000,10000000000000,10000000000000,10000000000000,8,19,10000000000000,10000000000000,0,0,1,10000000000000,9,2,0,21,1,0,3,False,False,detractor,0,2,0,0,24,6,7,0,7,2,25,True
2a66539af96b469caf9fc82d15839e8e,33,male,186508,2,bachelor,24646,self-employed,61,savings,0,4,0,0,4,4,1,0,0,10000000000000,0,10000000000000,10000000000000,10000000000000,10000000000000,5,19,10000000000000,10000000000000,0,0,1,10000000000000,1,1,0,33,0,0,35,False,False,passive,0,1,0,0,19,9,6,0,0,2,19,False
8b8d354fc90d44eaadc830d98dba2967,18,female,500,2,secondary_education,25459,student,8,business,0,0,0,1,1,0,0,0,0,10000000000000,11,10000000000000,10000000000000,10000000000000,10000000000000,6,16,10000000000000,10000000000000,0,1,1,10000000000000,3,0,0,26,5,0,135,False,False,detractor,0,1,0,0,37,2,0,0,8,2,19,True
500efe923b3d4ce5a096da9a00580e61,53,male,59708,1,bachelor,45544,retired,12,student,0,0,0,0,0,0,0,0,0,10000000000000,3,10000000000000,10000000000000,10000000000000,10000000000000,10,18,10000000000000,10000000000000,0,1,1,10000000000000,6,2,0,32,1,0,5,False,False,passive,0,1,2,0,28,8,14,3,8,0,26,False
cf8ced0c578844dbb0359dfa5fbb6316,43,female,201992,1,secondary_education,31654,self-employed,62,student,0,0,0,0,0,0,0,1,0,10000000000000,38,10000000000000,10000000000000,10000000000000,10000000000000,7,14,10000000000000,10000000000000,0,0,1,10000000000000,2,0,0,34,0,0,640,False,False,promoter,0,3,2,0,25,7,8,2,2,1,16,False
9e95c0a3ee7b41e289ea7845bec1439a,21,female,153958,5,bachelor,37944,other,4,business,3,0,0,3,6,3,0,0,1757,10000000000000,14,10000000000000,10000000000000,10000000000000,10000000000000,4,24,10000000000000,10000000000000,0,0,10000000000000,0,1,2,0,31,5,0,23,False,False,passive,0,2,0,0,29,4,3,1,5,3,22,False
d94a2214e47e460cbdb5119d54501662,18,female,500,1,master,38918,student,10,standard,5,3,0,0,8,1,1,0,1914,10000000000000,8,10000000000000,10000000000000,10000000000000,10000000000000,9,21,10000000000000,10000000000000,0,0,10000000000000,10000000000000,1,1,0,23,2,0,48,False,False,promoter,2,2,0,0,31,5,6,1,4,0,17,False
75aa9da7de65434fb91d2995e73e77fe,51,female,223326,2,bachelor,48845,employed,73,savings,0,1,0,0,1,0,0,0,0,10000000000000,26,10000000000000,10000000000000,10000000000000,10000000000000,2,20,10000000000000,10000000000000,0,0,1,10000000000000,3,0,0,18,2,0,47,True,True,passive,0,1,0,0,19,3,6,3,4,2,25,False
1b9c976d98fe4643b284ac2b9f13afd2,44,female,43015,1,bachelor,37846,employed,2,savings,1,3,0,0,4,3,1,0,8948,10000000000000,22,10000000000000,10000000000000,10000000000000,10000000000000,3,10,10000000000000,10000000000000,0,0,0,1,1,2,0,36,6,0,12,False,False,passive,0,2,0,0,24,4,4,0,7,0,25,False
c41759e72ee04438bd6a5130b7929b49,23,female,252381,3,master,58878,employed,35,business,2,0,0,1,3,1,0,0,14525,10000000000000,1,10000000000000,10000000000000,10000000000000,10000000000000,8,20,10000000000000,10000000000000,0,1,10000000000000,10000000000000,1,1,0,22,0,0,0,False,False,passive,1,0,0,0,22,6,2,0,5,0,21,False
2449ce55cf2140eaa24aebf22d4e6eaf,41,female,111793,2,secondary_education,25681,employed,4,savings,2,2,0,0,4,4,2,0,0,10000000000000,22,10000000000000,10000000000000,10000000000000,10000000000000,8,21,10000000000000,10000000000000,0,0,1,10000000000000,3,1,0,26,1,0,13,False,False,promoter,0,1,0,0,26,5,7,1,4,2,22,False
8a1e8e7855f24c5dae12a1dc88cb8627,64,female,156107,1,unknown,15190,retired,6,business,1,0,0,1,2,1,0,1,0,10000000000000,119,10000000000000,10000000000000,10000000000000,10000000000000,6,12,10000000000000,10000000000000,0,1,1,10000000000000,5,0,0,35,0,0,98,True,False,detractor,0,0,1,0,23,8,1,0,7,5,20,False
711864a5d26b4e6aad13bd43c86da07a,32,female,500,1,secondary_education,25614,employed,1,business,1,0,0,0,1,0,0,1,4300,10000000000000,14,10000000000000,10000000000000,10000000000000,10000000000000,2,24,10000000000000,10000000000000,0,0,10000000000000,10000000000000,4,2,0,36,1,0,33,False,False,passive,0,2,0,0,21,3,6,1,8,2,17,False
3775591505fb4e9dbb2880f80f301c1a,36,male,146846,4,secondary_education,26602,employed,18,standard,5,1,0,0,6,1,1,1,0,10000000000000,19,10000000000000,10000000000000,10000000000000,10000000000000,6,17,10000000000000,10000000000000,0,0,1,10000000000000,2,1,0,25,4,0,9,False,False,detractor,2,3,0,0,23,7,11,1,7,3,20,False
de6ddae7664042429bc4ddbb9f9c13e4,38,female,195037,3,master,60367,self-employed,23,standard,5,0,0,0,5,3,0,1,0,10000000000000,5,10000000000000,10000000000000,10000000000000,10000000000000,6,25,10000000000000,10000000000000,0,0,1,0,2,3,0,24,2,0,23,False,False,promoter,0,1,0,0,31,10,5,1,5,2,25,False
bc69f7be237444efb18a140bf53ab7ca,46,female,108364,4,unknown,30052,other,18,savings,0,3,0,0,3,1,0,0,0,10000000000000,42,10000000000000,10000000000000,10000000000000,10000000000000,6,27,10000000000000,10000000000000,0,0,1,10000000000000,0,0,0,27,2,0,333,False,False,passive,1,4,1,1,33,2,7,2,4,2,18,False
757a92d3e6004c97b2e925e28d3ed838,19,female,221562,3,secondary_education,30189,unemployed,40,business,1,0,0,3,4,2,0,0,14527,10000000000000,8,10000000000000,10000000000000,10000000000000,10000000000000,5,24,10000000000000,10000000000000,1,0,10000000000000,10000000000000,1,1,0,42,1,0,2,False,False,promoter,1,1,0,0,20,2,6,2,5,1,23,False
fcc524f5b6fc405b862a5b7bfff58c59,21,female,83414,1,secondary_education,32466,student,2,student,0,0,2,0,2,2,0,0,0,10000000000000,10,10000000000000,10000000000000,10000000000000,10000000000000,9,24,10000000000000,10000000000000,0,0,1,10000000000000,3,0,0,42,3,0,208,True,True,detractor,0,3,0,0,24,4,6,2,4,1,14,False
8ee83066a19340eb88f55771ec91459e,42,female,165304,1,bachelor,38566,employed,3,savings,0,3,0,0,3,0,0,0,0,10000000000000,72,10000000000000,10000000000000,10000000000000,10000000000000,6,12,10000000000000,10000000000000,0,0,1,10000000000000,4,1,0,39,1,0,44,False,False,promoter,2,1,0,0,24,4,8,2,9,2,22,False
9b17b267de7c48c5bd95b4e7210bdbbe,33,female,428227,3,bachelor,58021,employed,15,savings,2,1,0,0,3,0,0,1,0,10000000000000,6,10000000000000,10000000000000,10000000000000,10000000000000,4,16,10000000000000,10000000000000,0,0,1,0,3,1,0,23,2,0,5,False,False,detractor,1,1,0,0,30,7,3,0,2,1,17,False
7f47724684ab4951a6cb142e0fdbdf56,44,female,220375,2,bachelor,47045,self-employed,14,business,3,0,0,4,7,3,1,0,0,10000000000000,64,10000000000000,10000000000000,10000000000000,10000000000000,5,22,10000000000000,10000000000000,0,1,1,10000000000000,3,1,0,29,1,0,51,False,False,detractor,0,3,0,0,19,3,8,0,3,2,22,False
5d0c9320ec544b85bdbe49a1eb74d5f7,36,male,290124,1,bachelor,44508,employed,40,savings,1,4,0,0,5,3,2,0,10604,10000000000000,23,10000000000000,10000000000000,10000000000000,10000000000000,7,20,10000000000000,10000000000000,0,0,10000000000000,10000000000000,4,0,0,30,4,0,110,False,False,promoter,0,1,1,0,22,3,6,0,6,1,21,False
07d75cdc42554e0aa24c428b8390efbe,43,female,134801,2,bachelor,18468,other,63,student,0,0,0,0,0,0,0,0,0,10000000000000,0,10000000000000,10000000000000,10000000000000,10000000000000,3,16,10000000000000,10000000000000,0,1,1,10000000000000,2,1,0,27,2,0,12,False,False,passive,2,2,0,0,24,5,2,2,4,0,15,False
3611f6b0b2f4463bbb94043dd41a02f4,18,female,143472,2,bachelor,36710,student,7,standard,7,0,0,0,7,4,3,0,0,10000000000000,2,10000000000000,10000000000000,10000000000000,10000000000000,6,21,10000000000000,10000000000000,0,0,1,10000000000000,4,0,0,38,3,0,94,False,False,promoter,0,0,0,0,29,2,1,2,3,4,24,False
e7adf43e6a1a408990d34abbdac30dce,60,female,123831,2,secondary_education,33870,employed,26,savings,1,2,0,0,3,1,0,0,0,10000000000000,1,10000000000000,10000000000000,10000000000000,10000000000000,5,21,10000000000000,10000000000000,0,0,1,10000000000000,2,1,0,41,3,0,5,False,False,detractor,1,1,0,0,27,5,7,0,2,1,20,False
7e115e55ad6d470ab268843b4b3afc55,41,female,360422,2,master,54958,employed,12,standard,4,2,0,0,6,2,0,1,4702,10000000000000,7,10000000000000,10000000000000,10000000000000,10000000000000,6,23,10000000000000,10000000000000,0,0,10000000000000,10000000000000,2,2,0,25,3,0,36,False,False,passive,0,0,1,0,21,6,7,2,5,3,19,False
2e61cf0dda094833b57bad0ff84dd48c,61,male,101764,2,primary_education,28643,retired,37,savings,2,4,0,0,6,3,2,0,5760,10000000000000,0,10000000000000,10000000000000,10000000000000,10000000000000,5,31,10000000000000,10000000000000,0,1,10000000000000,10000000000000,3,1,0,22,2,0,93,False,False,passive,0,4,1,0,23,4,4,0,6,2,18,True
0f46cc0835154e65ab485f28984dccd4,29,female,277892,3,bachelor,53152,employed,33,business,2,0,0,2,4,2,1,2,0,10000000000000,46,10000000000000,10000000000000,10000000000000,10000000000000,9,19,10000000000000,10000000000000,0,1,1,10000000000000,2,1,0,40,1,0,12,False,False,detractor,1,3,1,1,18,3,0,2,5,4,18,False
ccc4cd60ddec48cb9a1006a4065a02f5,34,male,221253,2,unknown,32239,employed,47,student,0,0,2,0,2,1,0,0,32,10000000000000,28,10000000000000,10000000000000,10000000000000,10000000000000,5,23,10000000000000,10000000000000,0,0,0,1,2,1,0,30,1,0,8,False,False,promoter,1,1,0,0,22,1,8,1,11,1,15,False
b4fea908854c4cad9dce6ded30201f06,22,female,248066,2,bachelor,50933,self-employed,56,student,0,0,2,0,2,1,0,0,0,10000000000000,58,10000000000000,10000000000000,10000000000000,10000000000000,3,16,10000000000000,10000000000000,0,0,1,10000000000000,1,1,0,36,1,0,24,False,False,detractor,2,2,0,0,27,3,6,2,3,0,21,False
b5947c4f8075411fb1db0645c6abdbf6,39,male,243489,2,bachelor,35382,employed,25,standard,2,1,0,0,3,0,0,0,4142,10000000000000,0,10000000000000,10000000000000,10000000000000,10000000000000,5,24,10000000000000,10000000000000,0,0,10000000000000,10000000000000,5,3,0,29,2,0,16,False,False,detractor,1,4,1,1,26,5,10,2,5,3,20,True
73d307e70b624079bf6fd48bae7181bd,45,female,500,3,bachelor,27814,self-employed,14,business,1,0,0,2,3,0,0,0,0,10000000000000,15,10000000000000,10000000000000,10000000000000,10000000000000,8,20,10000000000000,10000000000000,0,2,1,10000000000000,6,3,0,28,1,0,26,False,False,promoter,0,1,0,0,23,6,2,0,2,3,16,True
47e3a8fc0da54aaca734ffc040e65d2c,23,female,87280,2,bachelor,41490,employed,52,business,1,0,0,0,1,0,0,0,0,10000000000000,9,10000000000000,10000000000000,10000000000000,10000000000000,7,32,10000000000000,10000000000000,0,0,1,10000000000000,1,3,0,38,3,0,10,False,False,passive,0,2,0,0,35,6,6,2,2,2,13,False
34e6a3d3c2be45b28bc5c61a7433d4bd,47,female,56182,1,bachelor,45993,employed,8,standard,2,2,0,0,4,3,3,0,0,10000000000000,38,10000000000000,10000000000000,10000000000000,10000000000000,7,24,10000000000000,10000000000000,0,2,1,10000000000000,1,1,0,38,1,0,0,False,False,detractor,0,1,0,0,22,4,10,4,5,3,24,False
382a605120f240a69e58f98b1ea41da9,34,female,148921,5,master,59971,employed,39,standard,4,1,0,0,5,0,1,0,0,10000000000000,9,10000000000000,10000000000000,10000000000000,10000000000000,3,25,10000000000000,10000000000000,0,1,1,10000000000000,1,1,0,35,2,0,11,False,False,promoter,0,4,0,0,27,4,4,1,4,2,16,False
c2676a77704144a58813439b727b9e8c,22,female,143757,2,master,45904,employed,3,savings,1,0,0,0,1,0,0,0,0,10000000000000,68,10000000000000,10000000000000,10000000000000,10000000000000,5,13,10000000000000,10000000000000,0,0,1,10000000000000,5,4,0,28,1,0,13,False,False,promoter,4,0,0,0,24,6,5,3,4,4,16,False
6c14af939a424045ac2fcb80426752b8,36,male,214640,3,secondary_education,28634,employed,35,savings,1,2,0,0,3,1,0,0,15911,10000000000000,6,10000000000000,10000000000000,10000000000000,10000000000000,7,25,10000000000000,10000000000000,0,1,10000000000000,10000000000000,2,0,0,30,1,0,149,False,False,detractor,0,1,0,0,21,3,5,0,3,3,21,False
9aed744f13674bc3a2c548a5c3b0355c,54,male,183078,1,secondary_education,35213,employed,1,business,3,0,0,3,6,0,1,0,0,10000000000000,10,10000000000000,10000000000000,10000000000000,10000000000000,7,27,10000000000000,10000000000000,0,3,1,0,3,3,0,34,3,0,68,False,False,detractor,1,1,4,1,23,7,8,2,3,1,15,False
8c6417492dcf4c478f78e7d0eddbfce5,54,female,146048,1,bachelor,59822,employed,48,savings,3,2,0,0,5,6,2,0,21439,10000000000000,51,10000000000000,10000000000000,10000000000000,10000000000000,4,16,10000000000000,10000000000000,0,0,10000000000000,10000000000000,3,0,0,32,5,0,460,False,False,detractor,0,3,0,0,20,0,3,0,2,1,20,True
0c6769f85f18474c943cdec9b6f48440,55,female,261725,5,primary_education,32546,employed,2,business,1,0,0,2,3,0,0,0,8809,10000000000000,95,10000000000000,10000000000000,10000000000000,10000000000000,4,16,10000000000000,10000000000000,0,0,10000000000000,10000000000000,3,1,0,33,3,0,17,False,False,promoter,0,0,0,0,20,8,5,3,5,2,21,False
775a227114724f22a4f199134a9b64ca,36,male,215874,2,bachelor,36471,employed,32,standard,4,1,0,0,5,5,1,2,10347,10000000000000,62,10000000000000,10000000000000,10000000000000,10000000000000,3,21,10000000000000,10000000000000,0,0,10000000000000,0,4,2,0,39,6,0,57,False,False,promoter,1,0,0,0,30,4,7,1,5,4,26,False
716054a8b39c4ba7b494b590edf64972,30,female,13106,1,master,52593,other,35,business,0,0,0,2,2,1,0,1,0,10000000000000,25,10000000000000,10000000000000,10000000000000,10000000000000,7,16,10000000000000,10000000000000,0,0,1,10000000000000,2,0,0,28,2,0,78,False,False,passive,1,3,0,0,31,4,4,2,8,4,21,True
1ccbe545a4cb43e886ca204ef10d30b3,38,female,249999,1,doctorate,101649,employed,120,business,1,0,0,1,2,3,0,0,0,10000000000000,145,10000000000000,10000000000000,10000000000000,10000000000000,3,22,10000000000000,10000000000000,0,0,1,10000000000000,4,0,0,26,2,0,189,False,False,passive,0,4,0,0,25,4,4,2,5,4,24,False
356293112ac741d390951c779089c07e,41,male,251484,4,secondary_education,30383,self-employed,41,student,0,0,3,0,3,1,0,0,0,10000000000000,28,10000000000000,10000000000000,10000000000000,10000000000000,7,22,10000000000000,10000000000000,1,2,1,0,4,1,0,27,2,0,56,False,False,promoter,1,2,0,0,22,5,0,1,2,3,26,False
d89204da3cec40d4b1a182c59e638db9,61,male,143353,5,unknown,14687,employed,12,business,1,0,0,2,3,1,0,0,4139,10000000000000,29,10000000000000,10000000000000,10000000000000,10000000000000,7,19,10000000000000,10000000000000,0,0,10000000000000,10000000000000,1,0,0,25,1,0,276,False,False,passive,0,3,0,0,32,1,6,1,8,0,22,False
a17a9947a46e4328a529c4d02043aefe,66,male,290493,2,bachelor,50256,retired,11,student,0,0,1,0,1,0,0,0,0,10000000000000,15,10000000000000,10000000000000,10000000000000,10000000000000,7,19,10000000000000,10000000000000,0,0,1,10000000000000,2,2,0,24,3,0,3,False,False,promoter,2,1,0,0,24,4,2,1,5,2,23,False
c308464fd1c94a99b64524d00b34660f,25,male,239720,1,bachelor,40409,student,0,standard,2,1,0,0,3,1,0,0,14614,10000000000000,55,10000000000000,10000000000000,10000000000000,10000000000000,4,15,10000000000000,10000000000000,0,2,10000000000000,10000000000000,3,2,0,29,1,0,64,False,False,detractor,1,3,3,1,20,8,7,0,3,1,20,False
6df0083b590947dab26ef398b41ff0df,38,male,283411,1,unknown,11331,employed,20,business,2,0,0,3,5,4,2,0,0,10000000000000,24,10000000000000,10000000000000,10000000000000,10000000000000,5,19,10000000000000,10000000000000,0,1,1,0,2,1,0,27,2,0,15,False,False,passive,0,4,2,0,28,10,7,1,5,0,21,False
e956ca09c94840db9999cbc8c5a48ed3,38,male,146020,1,bachelor,46415,self-employed,9,standard,4,1,0,0,5,1,0,1,0,10000000000000,94,10000000000000,10000000000000,10000000000000,10000000000000,4,22,10000000000000,10000000000000,0,0,1,10000000000000,0,0,0,29,5,0,410,False,False,passive,1,2,0,0,41,4,5,0,7,4,17,False
c784f0c475eb4b76bba6a677532c10e7,46,female,289945,3,unknown,36191,employed,10,savings,2,5,0,0,7,1,1,0,0,10000000000000,12,10000000000000,10000000000000,10000000000000,10000000000000,4,27,10000000000000,10000000000000,0,0,1,10000000000000,6,0,0,21,0,0,224,False,False,passive,0,4,0,0,31,4,8,0,6,2,25,False
8e910d86f19f4367a1f86ec78650ecd7,32,female,31690,2,bachelor,36578,employed,17,student,0,0,1,0,1,0,0,0,0,10000000000000,11,10000000000000,10000000000000,10000000000000,10000000000000,2,23,10000000000000,10000000000000,1,1,1,84539920,4,0,0,26,2,0,15,False,False,detractor,0,2,0,0,28,3,8,1,5,2,19,False
db06c6c3f8164791a32841eee4ceee3a,47,female,70426,2,bachelor,42085,employed,1,savings,0,3,0,0,3,0,0,0,0,10000000000000,10,10000000000000,10000000000000,10000000000000,10000000000000,4,24,10000000000000,10000000000000,1,0,1,10000000000000,2,2,0,35,1,0,19,False,False,passive,2,2,0,0,29,2,5,1,4,5,22,False
12add964ecbb43c6843cf544516c18bf,25,male,331128,2,master,63361,employed,2,standard,3,0,0,0,3,1,0,0,0,10000000000000,16,10000000000000,10000000000000,10000000000000,10000000000000,8,26,10000000000000,10000000000000,0,1,1,10000000000000,2,0,0,32,4,0,10,False,False,detractor,0,2,0,0,23,4,6,0,7,2,13,False
c5fe23d7a84040b28a2678e167741cca,44,male,139710,1,secondary_education,42997,self-employed,4,student,0,0,1,0,1,0,0,0,10914,10000000000000,0,10000000000000,10000000000000,10000000000000,10000000000000,7,19,10000000000000,10000000000000,0,0,10000000000000,10000000000000,3,2,0,34,3,0,25,False,False,promoter,0,3,0,0,25,5,7,0,8,2,21,False
46b9dea7f9564e9598e059622f307363,42,female,154602,1,bachelor,62556,self-employed,19,savings,0,1,0,0,1,0,0,1,9009,10000000000000,12,10000000000000,10000000000000,10000000000000,10000000000000,8,22,10000000000000,10000000000000,0,3,10000000000000,10000000000000,2,2,0,22,2,0,9,False,False,passive,0,3,0,0,17,4,7,1,6,2,25,False
a73bde099a044551a9f9f710ede5fa35,47,male,63793,1,primary_education,16283,employed,64,standard,2,1,0,0,3,1,0,0,0,10000000000000,12,10000000000000,10000000000000,10000000000000,10000000000000,9,23,10000000000000,10000000000000,0,0,1,10000000000000,3,1,0,30,5,0,11,False,False,passive,0,6,0,0,25,2,9,1,4,1,25,False
59e48348af954615a7a053293ebd9924,28,male,212054,1,bachelor,51543,employed,0,student,0,0,1,0,1,0,0,0,0,0,21,10000000000000,10000000000000,10000000000000,10000000000000,2,18,10000000000000,10000000000000,0,1,1,10000000000000,2,0,0,21,5,0,371,False,False,promoter,3,2,1,1,22,2,5,0,5,1,17,True
a2de214d0963412796a661b343394b12,19,male,325493,1,bachelor,55501,employed,17,student,0,0,1,0,1,0,0,0,0,10000000000000,31,10000000000000,10000000000000,10000000000000,10000000000000,1,33,10000000000000,10000000000000,1,0,1,10000000000000,3,1,0,27,1,0,26,False,False,passive,0,6,0,0,17,6,7,0,6,0,28,False
de1b01c92b1f43a6a2cef0c07fb9e5ed,18,female,48345,2,bachelor,57011,self-employed,30,business,1,0,0,4,5,2,0,0,0,10000000000000,10,10000000000000,10000000000000,10000000000000,10000000000000,8,22,10000000000000,10000000000000,0,0,1,0,5,3,0,27,5,1,36,False,False,passive,0,0,0,0,28,0,9,2,4,1,24,False
4d6d1da36ef4411393592e6e7d955358,40,female,279695,1,primary_education,27574,employed,147,standard,0,0,0,0,0,0,0,0,0,10000000000000,7,10000000000000,10000000000000,10000000000000,10000000000000,11,20,10000000000000,10000000000000,0,1,1,10000000000000,5,4,0,35,2,0,50,False,False,passive,0,2,0,0,20,8,5,1,8,4,13,False
badad9a47088436db72a0630683b0556,55,female,229290,1,bachelor,49347,employed,1,student,0,0,1,0,1,0,0,0,0,10000000000000,16,10000000000000,10000000000000,10000000000000,10000000000000,5,16,10000000000000,10000000000000,1,0,1,10000000000000,4,0,0,27,2,0,456,True,True,passive,0,1,0,0,26,4,3,0,8,2,15,True
05eff76c6ce24ab4ad3d2f6b9c5f037d,42,female,245975,1,unknown,23498,employed,22,standard,3,1,0,0,4,0,0,0,1749,10000000000000,6,10000000000000,10000000000000,10000000000000,10000000000000,5,17,10000000000000,10000000000000,0,0,0,1,3,1,0,22,3,0,36,False,False,promoter,0,2,2,0,29,4,0,0,6,0,15,False
6663458a7c834351a7ba920be2ac122f,56,female,500,6,master,62431,employed,9,standard,2,0,0,0,2,1,0,0,0,10000000000000,29,10000000000000,10000000000000,10000000000000,10000000000000,5,17,10000000000000,10000000000000,0,2,1,10000000000000,3,0,0,38,1,0,113,False,False,promoter,0,1,1,0,30,8,2,2,3,0,11,False
9330fd9a36134867981350d0774cfac0,27,female,120779,4,bachelor,39335,self-employed,19,standard,4,1,0,0,5,2,3,0,6782,10000000000000,30,10000000000000,10000000000000,10000000000000,10000000000000,2,19,10000000000000,10000000000000,0,3,10000000000000,10000000000000,1,0,0,32,0,0,380,False,False,promoter,1,1,0,0,24,7,5,1,9,3,24,False
a2e0e8ed50f340ca879aafe9bc0139e9,44,male,202423,3,bachelor,43202,employed,10,business,0,0,0,1,1,0,0,0,15321,10000000000000,57,10000000000000,10000000000000,10000000000000,10000000000000,8,22,10000000000000,10000000000000,0,0,10000000000000,10000000000000,2,2,0,26,1,0,4,False,False,detractor,1,3,0,0,28,6,3,2,4,2,17,True
31246cda2b6846b8bd2e76f7ef374f26,35,male,7711,2,bachelor,48082,self-employed,2,student,0,0,2,0,2,1,0,0,9486,10000000000000,1,10000000000000,10000000000000,10000000000000,10000000000000,5,21,10000000000000,10000000000000,0,1,10000000000000,10000000000000,0,0,0,26,1,0,797,False,False,passive,2,6,0,0,29,5,2,1,4,1,15,False
f5ab9cbd86c045e6a02c6cc32e8b9e0a,29,male,251714,3,unknown,14130,employed,29,business,0,0,0,0,0,0,0,0,17057,10000000000000,2,10000000000000,10000000000000,10000000000000,10000000000000,4,27,10000000000000,10000000000000,0,1,10000000000000,0,4,0,0,31,0,0,207,False,False,promoter,0,2,0,0,25,6,5,0,6,1,19,False
0ccf71cf824f4fc78a35bb8a32c6bc53,32,male,238192,2,master,72497,self-employed,6,business,2,0,0,2,4,3,1,1,0,10000000000000,37,10000000000000,10000000000000,10000000000000,10000000000000,7,20,10000000000000,10000000000000,1,0,1,10000000000000,1,2,0,29,3,0,4,False,False,detractor,0,1,0,0,28,3,1,1,5,2,22,False
642c8769bce14d5cb2578b8b0ff46939,24,female,203056,6,secondary_education,31225,employed,4,business,0,0,0,1,1,0,0,0,524,10000000000000,31,10000000000000,10000000000000,10000000000000,10000000000000,1,25,10000000000000,10000000000000,0,0,10000000000000,10000000000000,3,1,0,27,1,0,9,False,False,promoter,0,0,0,0,14,5,0,1,8,5,18,False
d7f03fe93b614ddb8cfcc8baad457f4f,38,female,240229,2,bachelor,39837,employed,42,savings,1,3,0,0,4,2,1,0,0,10000000000000,23,10000000000000,10000000000000,10000000000000,10000000000000,5,25,10000000000000,10000000000000,0,0,1,0,5,3,0,19,2,0,10,True,False,detractor,0,2,0,0,21,4,7,1,4,2,25,False
e16278caeba047129d2966be71fcbede,53,male,247842,1,unknown,32789,unemployed,9,standard,3,0,0,0,3,0,0,0,2987,10000000000000,19,10000000000000,10000000000000,10000000000000,10000000000000,5,20,10000000000000,10000000000000,0,4,10000000000000,0,6,1,0,30,1,0,30,False,False,detractor,1,3,1,1,27,4,2,0,7,2,22,False
976318f262954890a3ac06f3fd759ed0,25,female,170239,2,no_formal_education,16497,employed,65,business,0,0,0,2,2,0,0,0,1830,10000000000000,33,10000000000000,10000000000000,10000000000000,10000000000000,8,13,10000000000000,10000000000000,0,0,10000000000000,10000000000000,2,1,0,25,2,0,53,False,False,passive,0,3,0,0,30,1,6,2,7,2,20,False
2805b2a218e04ec3906c1a3e78d02e38,44,male,500,4,bachelor,42798,employed,12,savings,1,3,0,0,4,2,1,0,0,10000000000000,44,10000000000000,10000000000000,10000000000000,10000000000000,8,12,10000000000000,10000000000000,0,0,1,42384118404,1,1,0,32,1,0,46,False,False,passive,2,2,1,1,32,6,7,0,2,3,21,False
ac1b28c0274a4eaa871544a7c92cfe61,18,male,53811,2,bachelor,51387,student,26,savings,0,2,0,0,2,0,0,0,0,10000000000000,47,10000000000000,10000000000000,10000000000000,10000000000000,8,19,10000000000000,10000000000000,0,0,1,10000000000000,2,0,0,32,1,0,1926,True,True,detractor,0,3,1,0,21,8,3,2,5,6,14,True
7588c64c7cf745baab66506a064c4b7c,51,female,175015,2,bachelor,49076,employed,19,business,1,0,0,1,2,1,0,0,0,10000000000000,38,10000000000000,10000000000000,10000000000000,10000000000000,1,15,10000000000000,10000000000000,0,1,1,10000000000000,5,1,0,32,1,0,3,False,False,promoter,0,0,3,0,29,4,0,2,6,3,14,False
437cd46d1075426e964b61c5aa1075b5,27,male,139526,1,bachelor,50890,employed,6,business,0,0,0,2,2,0,0,0,6448,10000000000000,30,10000000000000,10000000000000,10000000000000,10000000000000,5,16,10000000000000,10000000000000,0,1,10000000000000,10000000000000,2,2,0,39,1,0,26,False,False,promoter,3,1,0,0,29,3,3,1,2,2,21,True
0ddef94ffb6f462f8cec47592bccb94a,33,male,243560,1,bachelor,57133,employed,20,savings,0,3,0,0,3,2,0,0,0,10000000000000,3,10000000000000,10000000000000,10000000000000,10000000000000,3,16,10000000000000,10000000000000,0,1,1,10000000000000,2,1,0,30,2,0,31,False,False,promoter,0,1,0,0,24,3,10,0,3,1,21,False
2ad57eaadea745b1b1fb302a5b2eaf60,47,female,134640,1,bachelor,53948,employed,21,business,2,0,0,2,4,0,1,0,764,10000000000000,24,10000000000000,10000000000000,10000000000000,10000000000000,5,20,10000000000000,10000000000000,1,0,10000000000000,10000000000000,6,0,0,27,4,0,151,False,False,passive,1,2,0,0,25,4,4,0,3,3,10,False
7225004f52fd4d058336518d0bca9079,45,female,153585,3,master,60948,employed,3,student,0,0,1,0,1,0,0,0,0,10000000000000,29,10000000000000,10000000000000,10000000000000,10000000000000,5,16,10000000000000,10000000000000,0,0,1,10000000000000,4,2,0,23,1,0,69,False,False,passive,0,0,0,0,22,4,0,1,4,5,14,False
5f15490aaf33408a9be4d8a0bb16b5bf,29,male,312316,2,bachelor,30069,employed,0,student,0,0,0,0,0,0,0,0,4798,10000000000000,72,10000000000000,10000000000000,10000000000000,10000000000000,2,22,10000000000000,10000000000000,0,1,10000000000000,10000000000000,1,2,0,37,4,0,57,False,False,detractor,1,2,1,1,23,5,0,0,5,0,24,False
e6ce303c39ff4f6ca66a25f91db5d8a4,28,male,264850,1,bachelor,34085,student,26,standard,2,1,0,0,3,1,0,0,10973,10000000000000,40,10000000000000,10000000000000,10000000000000,10000000000000,7,19,10000000000000,10000000000000,0,0,10000000000000,10000000000000,3,1,0,28,2,0,2,False,False,promoter,0,2,0,0,24,6,7,0,5,2,20,False
83e61fa58c8e4bdd9d9da6e420396952,44,male,525254,2,secondary_education,27910,employed,51,business,1,0,0,5,6,2,1,0,2192,10000000000000,42,10000000000000,10000000000000,10000000000000,10000000000000,5,25,10000000000000,10000000000000,1,1,10000000000000,10000000000000,1,0,0,34,1,0,375,False,False,promoter,0,4,0,0,27,3,11,0,5,5,29,False
bbf6314523294a968000722b7b3e7488,49,male,193585,5,primary_education,35728,employed,14,savings,1,1,0,0,2,0,0,0,9426,10000000000000,0,10000000000000,10000000000000,10000000000000,10000000000000,4,27,10000000000000,10000000000000,0,0,10000000000000,0,4,0,0,23,2,0,106,True,True,passive,3,2,0,0,23,4,7,0,5,0,18,True
039b82fbe5454d6ba0885f8cdd364c31,58,female,325290,1,master,51660,employed,8,student,0,0,0,0,0,0,0,0,0,10000000000000,11,10000000000000,10000000000000,10000000000000,10000000000000,7,10,10000000000000,10000000000000,0,1,1,0,5,4,0,36,2,0,21,False,False,detractor,0,2,0,0,25,6,5,2,11,5,29,False
53ddd523965c40a78448e1e19fdcb2d0,60,female,82651,2,secondary_education,25166,employed,4,savings,1,1,0,0,2,1,0,0,1523,10000000000000,3,10000000000000,10000000000000,10000000000000,10000000000000,3,17,10000000000000,10000000000000,0,1,10000000000000,10000000000000,2,0,0,40,0,0,165,False,False,passive,1,3,1,1,23,4,7,0,6,4,17,False
b4935c9cfa9f42858569c96398875960,46,female,227851,3,bachelor,50140,self-employed,0,business,0,0,0,0,0,0,0,0,0,10000000000000,49,10000000000000,10000000000000,10000000000000,10000000000000,3,13,10000000000000,10000000000000,0,0,1,10000000000000,3,1,0,21,1,0,30,False,False,promoter,0,1,1,0,32,3,6,0,5,1,13,False
26f1da1377e847ed8750a80b5959fec9,49,female,116844,1,secondary_education,45145,other,66,student,0,0,1,0,1,0,0,0,14999,10000000000000,25,10000000000000,10000000000000,10000000000000,10000000000000,3,16,10000000000000,10000000000000,0,1,10000000000000,10000000000000,5,3,0,32,2,0,29,False,False,passive,0,3,3,0,21,3,0,1,3,2,22,False
8b1ac3b7b81d4f138e73adce938e1834,39,female,229658,2,master,67774,employed,10,business,1,0,0,2,3,1,0,0,3324,10000000000000,3,10000000000000,10000000000000,10000000000000,10000000000000,9,18,10000000000000,10000000000000,1,0,0,1,3,2,0,18,4,0,6,False,False,passive,2,2,1,1,34,4,8,0,12,4,13,False
6412082e45084926b442872554322c31,46,male,67134,1,secondary_education,28287,self-employed,11,standard,1,1,0,0,2,2,0,0,5113,10000000000000,12,10000000000000,10000000000000,10000000000000,10000000000000,7,21,10000000000000,10000000000000,0,0,10000000000000,10000000000000,2,0,0,40,3,0,10,False,False,detractor,0,3,0,0,24,6,6,2,2,2,18,False
b17f987dd93f47899273dbc62a9ff889,30,female,500,3,master,48288,employed,75,student,0,0,1,0,1,0,0,0,11690,10000000000000,1,10000000000000,10000000000000,10000000000000,10000000000000,4,19,10000000000000,10000000000000,0,1,10000000000000,10000000000000,3,2,0,37,2,0,4,False,False,detractor,0,2,1,0,20,7,4,0,5,3,11,False
c4817c378c6243f0abcd3767981149e9,35,female,372077,2,unknown,40554,self-employed,3,student,0,0,1,0,1,0,0,0,22082,10000000000000,90,10000000000000,10000000000000,10000000000000,10000000000000,2,25,10000000000000,10000000000000,0,0,10000000000000,0,2,1,0,34,1,0,9,False,False,detractor,2,3,0,0,31,4,11,1,4,0,21,False
ff07975c2d674ae6974e1cc948dfd221,18,male,154716,1,bachelor,46530,student,8,business,0,0,0,1,1,0,0,0,6161,10000000000000,10,10000000000000,10000000000000,10000000000000,10000000000000,6,12,10000000000000,10000000000000,0,0,10000000000000,10000000000000,4,0,0,42,2,0,492,False,False,detractor,0,1,0,0,20,4,1,4,4,4,21,False
e8cc6489ea5143c0a8c30e26db55c1bb,47,female,287174,1,primary_education,25183,employed,36,student,0,0,3,0,3,0,0,1,0,10000000000000,23,10000000000000,10000000000000,10000000000000,10000000000000,3,26,10000000000000,10000000000000,0,1,1,10000000000000,7,1,1,24,2,0,18,False,False,detractor,0,3,0,0,26,3,7,1,6,0,27,True
ce578160cd5249daaf6ba12e4d9053ac,33,female,159684,1,secondary_education,48237,employed,84,savings,0,0,0,0,0,0,0,1,4488,10000000000000,25,10000000000000,10000000000000,10000000000000,10000000000000,6,23,10000000000000,10000000000000,0,1,10000000000000,10000000000000,6,1,0,30,1,0,43,False,False,detractor,0,1,2,0,26,4,4,0,0,4,25,True
4a6f62c64308442597cff552afe53f4c,25,female,202524,4,bachelor,40192,employed,9,student,0,0,0,0,0,0,0,0,0,10000000000000,68,10000000000000,10000000000000,10000000000000,10000000000000,6,23,10000000000000,10000000000000,0,0,1,10000000000000,3,1,0,19,3,0,16,False,False,detractor,0,1,0,0,25,7,8,0,4,6,20,False
c192f047e021448d896ec77aad5c504c,61,male,129137,3,unknown,35984,retired,14,business,0,0,0,3,3,0,0,0,10058,10000000000000,0,10000000000000,10000000000000,10000000000000,10000000000000,8,29,10000000000000,10000000000000,0,0,0,1,2,0,0,35,3,0,575,False,False,promoter,1,1,2,1,27,0,4,1,5,1,22,False
c93682ea7e6449ec9ae27591c31a1346,18,female,109373,1,bachelor,51643,student,1,student,0,0,0,0,0,0,0,0,0,10000000000000,0,10000000000000,10000000000000,10000000000000,10000000000000,11,16,10000000000000,10000000000000,0,0,1,10000000000000,5,1,0,31,5,0,65,False,False,passive,0,1,1,0,17,4,10,0,8,4,16,True
342f55b1567c42ba92d0c9795aed8a1d,63,female,62713,1,secondary_education,24046,employed,5,savings,1,3,0,0,4,0,2,0,0,10000000000000,3,10000000000000,10000000000000,10000000000000,10000000000000,1,19,10000000000000,10000000000000,0,1,1,10000000000000,1,0,0,22,0,0,35,False,False,detractor,0,4,0,0,34,5,9,1,12,3,21,False
ec81b6b600a442918bee641f30152646,37,male,381802,2,unknown,30623,employed,99,standard,1,1,0,0,2,1,0,1,0,10000000000000,6,10000000000000,10000000000000,10000000000000,10000000000000,3,17,10000000000000,10000000000000,0,0,1,10000000000000,1,0,0,28,1,0,562,False,False,promoter,1,3,1,1,17,4,5,2,2,2,25,False
be0f41d332b14523a68bce63a302e481,37,female,72733,1,bachelor,46863,unemployed,27,standard,0,1,0,0,1,0,0,0,0,10000000000000,21,10000000000000,10000000000000,10000000000000,10000000000000,3,21,10000000000000,10000000000000,0,0,1,10000000000000,3,1,0,23,3,0,6,False,False,detractor,0,1,0,0,22,3,8,5,7,2,32,False
ad4c1d63ab234bde9b52887d7c81c0e2,42,female,192175,1,bachelor,52502,employed,23,student,0,0,0,0,0,0,0,0,0,10000000000000,72,10000000000000,10000000000000,10000000000000,10000000000000,5,16,10000000000000,10000000000000,0,1,1,10000000000000,3,2,0,38,1,0,66,True,True,detractor,0,2,2,0,28,6,6,1,8,2,22,False
c3b033ec0389452c895c91bf95a62936,25,male,259050,1,bachelor,52743,unemployed,21,standard,0,1,0,0,1,0,0,1,0,10000000000000,16,10000000000000,10000000000000,10000000000000,10000000000000,8,21,10000000000000,10000000000000,0,0,1,10000000000000,2,0,0,26,1,0,132,False,False,detractor,0,2,1,0,21,1,3,5,1,1,18,False
ed6a7e17d4944d79871333107b1b6626,55,male,451527,4,secondary_education,37056,employed,3,business,0,0,0,1,1,0,0,1,2428,10000000000000,21,10000000000000,10000000000000,10000000000000,10000000000000,5,17,10000000000000,10000000000000,1,0,10000000000000,0,4,0,0,25,2,1,693,False,False,passive,7,2,0,0,19,6,7,0,5,1,27,False
50870003293a490e8dcf5ea98682e6f4,34,female,254534,2,master,69502,self-employed,12,business,0,0,0,2,2,1,0,0,0,10000000000000,10,10000000000000,10000000000000,10000000000000,10000000000000,5,19,10000000000000,10000000000000,0,0,1,10000000000000,5,3,0,40,2,0,37,False,False,promoter,0,1,1,0,23,2,0,1,3,1,21,False
aa6e8fdaa33945778124d6d096eb414e,41,female,260225,4,master,70356,employed,18,business,0,0,0,4,4,7,2,1,58,10000000000000,36,10000000000000,10000000000000,10000000000000,10000000000000,6,22,10000000000000,10000000000000,0,0,10000000000000,10000000000000,4,0,0,32,1,0,63,False,False,promoter,2,1,0,0,28,5,8,0,4,2,25,False
7d5f3d4817f648d4bda057af1b8c0705,33,male,166616,3,bachelor,54474,unemployed,26,business,0,0,0,4,4,2,0,0,11732,0,70,10000000000000,10000000000000,10000000000000,10000000000000,5,19,10000000000000,10000000000000,0,0,0,1,1,3,0,33,2,0,4,False,False,passive,1,1,0,0,18,6,10,0,5,2,23,False
0068a050499543f5871cb7d7038b8085,47,female,316585,1,bachelor,57589,employed,37,savings,0,3,0,0,3,1,0,1,2445,10000000000000,107,10000000000000,10000000000000,10000000000000,10000000000000,3,19,10000000000000,10000000000000,0,1,10000000000000,10000000000000,3,0,0,39,7,0,513,False,False,promoter,0,2,0,0,25,5,6,1,9,2,15,True
43d2e6c1e4ea4e9aa73c5b458167b2a5,35,male,168000,1,secondary_education,38999,employed,25,savings,4,6,0,0,10,3,0,0,1314,10000000000000,3,10000000000000,10000000000000,10000000000000,10000000000000,1,19,10000000000000,10000000000000,0,3,10000000000000,10000000000000,4,0,0,29,0,0,402,False,False,detractor,0,3,0,0,31,6,2,1,6,0,12,False
f1b915ad68c44b42bd5d1e9a4758b359,38,female,500,4,master,52175,self-employed,65,business,3,0,0,2,5,2,1,0,12701,10000000000000,24,10000000000000,10000000000000,10000000000000,10000000000000,4,21,10000000000000,10000000000000,0,1,10000000000000,10000000000000,2,2,0,39,0,0,19,False,False,promoter,0,1,1,0,28,6,7,0,8,5,9,False
e1e5fc9c601e451781aa28be750fe6f1,56,male,195591,1,secondary_education,37027,employed,26,student,0,0,1,0,1,0,0,1,0,10000000000000,36,10000000000000,10000000000000,10000000000000,10000000000000,7,18,10000000000000,10000000000000,0,1,1,10000000000000,4,3,0,28,3,0,13,False,False,promoter,0,0,0,0,34,4,6,0,8,0,28,False
5532a5540f8f4ad3887ed7756638fbc0,39,female,286457,3,bachelor,25041,employed,57,student,0,0,1,0,1,0,0,0,0,10000000000000,22,10000000000000,10000000000000,10000000000000,10000000000000,10,14,10000000000000,10000000000000,0,1,1,10000000000000,4,0,0,38,1,0,636,False,False,promoter,3,1,0,0,29,8,0,1,7,1,14,False
6326a3ac9aa943d780cf2ebdf40055d1,58,male,152389,1,master,85915,employed,44,business,1,0,0,0,1,0,0,0,0,10000000000000,17,10000000000000,10000000000000,10000000000000,10000000000000,10,24,10000000000000,10000000000000,0,0,1,10000000000000,2,1,0,30,2,0,2,False,False,detractor,0,4,0,0,25,6,9,4,7,3,16,False
50e8b2bc77a84865ae72d32c8160ab8d,29,male,142849,2,bachelor,30657,retired,103,standard,2,1,0,0,3,3,0,1,0,10000000000000,0,10000000000000,10000000000000,10000000000000,10000000000000,1,23,10000000000000,10000000000000,1,0,1,10000000000000,6,1,0,32,0,0,126,False,False,promoter,0,0,0,0,25,4,6,0,1,4,24,False
afcc2865e5bc4ef5af144e27df385849,27,female,214629,1,secondary_education,34652,employed,67,standard,3,2,0,0,5,1,0,0,0,10000000000000,18,10000000000000,10000000000000,10000000000000,10000000000000,7,13,10000000000000,10000000000000,1,0,1,10000000000000,2,2,0,31,4,0,6,False,False,passive,1,1,0,0,38,6,4,0,2,1,27,False
9efbe1954f9c403cb1e4adf87b0c5fe2,60,male,107322,3,bachelor,49186,employed,49,student,0,0,3,0,3,0,0,0,0,0,10,10000000000000,10000000000000,10000000000000,10000000000000,5,18,10000000000000,10000000000000,0,0,1,10000000000000,1,1,0,31,1,0,35,False,False,promoter,1,3,0,0,18,3,6,0,8,1,22,False
fe0f55d6e6264ef6a90eff1ceaf53331,18,female,202707,2,bachelor,35242,student,55,standard,2,1,0,0,3,0,0,1,15528,10000000000000,33,10000000000000,10000000000000,10000000000000,10000000000000,6,18,10000000000000,10000000000000,1,0,10000000000000,10000000000000,2,2,0,28,1,0,53,False,False,promoter,0,2,1,0,19,6,0,1,5,0,18,False
563d65424c9041e7bc5b80922d43a948,35,female,138118,1,bachelor,44147,employed,6,standard,6,2,0,0,8,2,0,0,0,10000000000000,9,10000000000000,10000000000000,10000000000000,10000000000000,3,12,10000000000000,10000000000000,0,0,1,0,3,1,0,34,0,0,1,True,False,passive,0,2,0,0,16,5,3,2,5,2,17,False
d42549caec39415988bb8e241bebf5be,58,male,190598,2,primary_education,18753,employed,38,savings,1,1,0,0,2,1,0,0,18240,10000000000000,2,10000000000000,10000000000000,10000000000000,10000000000000,8,21,10000000000000,10000000000000,0,1,0,1,0,0,0,17,2,0,224,False,False,passive,2,1,0,0,21,2,2,3,7,2,16,False
dcc77651d0db4c26a8bff17e2b0075a6,49,female,44770,6,bachelor,51869,employed,99,savings,0,1,0,0,1,0,0,0,4497,10000000000000,1,10000000000000,10000000000000,10000000000000,10000000000000,1,18,10000000000000,10000000000000,0,0,0,1,4,1,0,20,2,0,6,False,False,promoter,0,3,1,0,24,6,5,1,2,2,31,False
69605ddd0e334f83bf2be40f1e03fc2e,36,male,109004,3,secondary_education,31770,employed,45,standard,3,2,0,0,5,2,2,0,6073,10000000000000,12,10000000000000,10000000000000,10000000000000,10000000000000,4,21,10000000000000,10000000000000,0,0,10000000000000,0,4,0,0,28,2,0,404,False,False,detractor,0,3,0,0,27,6,4,0,3,2,20,False
e8ed9c8cd3024d4bb5b7f94b248889f0,24,female,210111,1,bachelor,29765,employed,23,business,2,0,0,1,3,1,0,0,5332,10000000000000,6,10000000000000,10000000000000,10000000000000,10000000000000,3,18,10000000000000,10000000000000,0,0,0,1,2,2,0,26,1,0,10,True,False,passive,1,3,2,1,24,9,6,2,8,1,21,False
876083aa6c30420e881e43f208e3ce3a,41,female,156132,2,secondary_education,24522,employed,12,business,1,0,0,0,1,0,0,0,0,10000000000000,2,10000000000000,10000000000000,10000000000000,10000000000000,2,27,10000000000000,10000000000000,0,1,1,10000000000000,3,1,0,41,2,0,88,False,False,passive,0,3,2,0,15,0,4,2,3,6,20,False
83b03961fe0b408488c14536ea3ec737,32,female,500,1,bachelor,46178,self-employed,11,student,0,0,0,0,0,0,0,0,8597,10000000000000,13,10000000000000,10000000000000,10000000000000,10000000000000,9,15,10000000000000,10000000000000,0,1,10000000000000,10000000000000,2,0,0,23,0,0,840,False,False,passive,0,1,0,0,33,5,0,0,4,6,13,False
95b07b163eb84c72a9c16a29c61188e9,27,female,86567,2,bachelor,41808,other,64,student,0,0,0,0,0,0,0,0,9485,10000000000000,101,10000000000000,10000000000000,10000000000000,10000000000000,6,22,10000000000000,10000000000000,0,0,10000000000000,0,1,0,0,30,1,0,559,False,False,passive,2,2,0,0,25,5,5,0,2,1,27,False
73cf4d12586a4e53944e8653be045a1c,32,female,147699,3,bachelor,65465,employed,30,standard,2,0,0,0,2,0,0,0,4872,10000000000000,27,10000000000000,10000000000000,10000000000000,10000000000000,14,21,10000000000000,10000000000000,0,0,10000000000000,10000000000000,1,3,0,31,3,0,29,False,False,passive,0,1,1,0,37,4,1,0,1,3,24,False
4e755fa4b3bb4731822fbb4a26b855b2,52,female,15989,1,secondary_education,38819,unemployed,8,standard,3,3,0,0,6,3,0,0,14301,10000000000000,36,10000000000000,10000000000000,10000000000000,10000000000000,5,14,10000000000000,10000000000000,0,1,10000000000000,10000000000000,6,4,0,33,3,0,35,True,False,detractor,0,2,1,0,32,3,9,0,2,0,20,False
3d815835674e46dbbf5e8ae4ffea5a29,39,male,372174,2,bachelor,59886,employed,30,standard,0,0,0,0,0,0,0,0,3763,10000000000000,6,10000000000000,10000000000000,10000000000000,10000000000000,10,22,10000000000000,10000000000000,0,0,10000000000000,10000000000000,5,1,0,30,3,0,36,False,False,promoter,0,4,0,0,28,5,13,0,3,3,26,False
8bd9a76a809e467bab0e4b8dfdab9599,40,female,225931,1,master,58205,employed,20,savings,0,0,0,0,0,0,0,0,1014,10000000000000,103,10000000000000,10000000000000,10000000000000,10000000000000,5,23,10000000000000,10000000000000,1,0,10000000000000,10000000000000,5,0,0,34,3,0,423,False,False,detractor,1,2,2,1,19,5,6,1,5,1,19,False
06176eca3bd244ae832b78cd5a9dc17a,35,female,410897,1,bachelor,39237,employed,85,business,1,0,0,0,1,0,0,2,0,10000000000000,6,10000000000000,10000000000000,10000000000000,10000000000000,2,24,10000000000000,10000000000000,0,1,1,10000000000000,1,2,0,30,2,0,5,False,False,detractor,0,3,3,0,23,7,6,1,2,0,19,False
196f5afa28b745428b805256766ed594,31,female,48451,5,secondary_education,28260,self-employed,10,savings,2,2,0,0,4,1,1,0,3061,10000000000000,13,10000000000000,10000000000000,10000000000000,10000000000000,5,23,10000000000000,10000000000000,0,1,10000000000000,10000000000000,1,1,0,29,4,0,2,False,False,promoter,1,6,0,0,31,4,2,1,5,2,18,False
c8425ba8e38a4948a5db4d24230381a9,59,female,281268,1,bachelor,35350,employed,6,standard,1,2,0,0,3,0,0,1,11045,10000000000000,23,10000000000000,10000000000000,10000000000000,10000000000000,6,11,10000000000000,10000000000000,0,0,10000000000000,10000000000000,5,5,0,28,2,0,1,True,True,detractor,0,4,0,0,25,6,3,4,3,3,22,False
de8b23a6643d4df2aa0c442a7376feed,57,female,127621,3,secondary_education,30796,employed,35,business,2,0,0,3,5,2,1,0,0,10000000000000,49,10000000000000,10000000000000,10000000000000,10000000000000,6,14,10000000000000,10000000000000,0,1,1,10000000000000,3,1,0,33,2,0,1,False,False,detractor,1,2,0,0,30,3,9,0,10,2,19,False
75598583397f46b99df757ecb08e10a9,48,male,72145,1,secondary_education,32211,employed,8,savings,2,3,0,0,5,0,0,0,342,10000000000000,77,10000000000000,10000000000000,10000000000000,10000000000000,4,23,10000000000000,10000000000000,0,0,10000000000000,10000000000000,5,2,0,23,0,0,31,True,False,promoter,1,2,0,0,25,3,1,2,6,2,11,False
3d5e695e4b8e4ebeaf4cc33965cd33c6,37,male,345840,1,bachelor,53936,self-employed,33,business,1,0,0,2,3,2,0,0,9342,10000000000000,6,10000000000000,10000000000000,10000000000000,10000000000000,7,13,10000000000000,10000000000000,0,2,10000000000000,10000000000000,1,1,0,29,3,0,40,False,False,promoter,0,0,0,0,19,2,3,3,9,1,12,False
e8c854b473e949b0949e146ca2e147ae,36,female,198326,1,secondary_education,19844,other,16,savings,1,1,0,0,2,2,0,0,1302,10000000000000,119,10000000000000,10000000000000,10000000000000,10000000000000,8,24,10000000000000,10000000000000,0,1,10000000000000,30328291391,6,3,0,33,3,0,5,False,False,passive,0,3,3,0,15,3,6,2,5,2,12,True
fa28679245894597bd3fde3c2c883740,39,male,193526,4,bachelor,59255,self-employed,3,savings,0,3,0,0,3,0,0,0,16412,10000000000000,28,10000000000000,10000000000000,10000000000000,10000000000000,5,23,10000000000000,10000000000000,0,0,10000000000000,0,7,0,0,27,1,0,399,False,False,passive,2,6,0,0,27,6,0,1,6,2,25,False
4311d9b166ec472c90029eb6f2eb7eaa,39,female,77390,2,master,42024,employed,2,student,0,0,1,0,1,0,0,1,7231,0,1,10000000000000,10000000000000,10000000000000,10000000000000,8,15,10000000000000,10000000000000,0,1,10000000000000,10000000000000,7,2,0,35,5,0,67,False,False,detractor,0,2,1,0,21,6,10,0,2,1,21,True
b211aba426de436c9c045b0d6c8e970e,25,female,313881,2,master,51933,employed,138,savings,0,3,0,0,3,1,0,1,9167,10000000000000,9,10000000000000,10000000000000,10000000000000,10000000000000,4,21,10000000000000,10000000000000,0,2,10000000000000,10000000000000,4,3,0,33,1,0,32,False,False,passive,0,0,0,0,28,2,4,1,5,0,25,False
b8f9a22540d34350b7830ab15624015e,38,female,266021,1,bachelor,46985,self-employed,21,standard,0,1,0,0,1,0,0,1,0,10000000000000,28,10000000000000,10000000000000,10000000000000,10000000000000,4,17,10000000000000,10000000000000,0,1,1,10000000000000,2,0,0,27,2,0,826,False,False,promoter,0,1,0,0,26,3,2,2,4,3,21,False
9a34da49618448059d93bd6ce12d185c,41,male,122025,5,bachelor,29821,other,37,business,2,0,0,1,3,2,0,0,4786,10000000000000,87,10000000000000,10000000000000,10000000000000,10000000000000,6,13,10000000000000,10000000000000,1,0,10000000000000,10000000000000,3,1,0,41,1,0,1,False,False,promoter,0,1,1,0,23,6,7,1,7,2,11,False
c85daac5448e4fb183b4ddbd96f4e430,18,male,64272,1,bachelor,53714,student,10,standard,4,2,0,0,6,0,2,0,0,10000000000000,24,10000000000000,10000000000000,10000000000000,10000000000000,8,19,10000000000000,10000000000000,1,0,1,10000000000000,4,1,0,35,1,0,5,False,False,detractor,0,0,1,0,21,5,7,0,5,1,27,False
95248e91673749aa991ea26566ad77da,52,female,104658,2,bachelor,47461,self-employed,5,business,0,0,0,0,0,0,0,0,23548,10000000000000,11,10000000000000,10000000000000,10000000000000,10000000000000,3,22,10000000000000,10000000000000,0,1,10000000000000,10000000000000,2,2,0,30,0,0,29,False,False,promoter,1,1,0,0,25,3,0,1,3,1,14,False
5d6dc2b9a9b54bb88f16d1efc6a3036c,62,female,282702,4,secondary_education,15461,retired,57,business,1,0,0,0,1,0,0,1,0,10000000000000,27,10000000000000,10000000000000,10000000000000,10000000000000,4,33,10000000000000,10000000000000,0,0,1,10000000000000,2,0,0,29,0,0,489,False,False,detractor,1,0,1,1,26,2,2,1,2,0,16,False
ecfea24a3bd747b38b7ddc9415cbbfa5,68,male,271552,3,secondary_education,29340,retired,12,business,1,0,0,2,3,0,0,0,7703,10000000000000,51,10000000000000,10000000000000,10000000000000,10000000000000,5,21,10000000000000,10000000000000,0,2,10000000000000,10000000000000,1,2,1,28,2,0,2,True,False,passive,0,2,0,0,23,6,8,3,1,2,19,False
e755008d89e4459fb742231e5443657e,52,female,287680,1,secondary_education,38875,employed,3,standard,3,0,0,0,3,0,0,1,318,10000000000000,37,10000000000000,10000000000000,10000000000000,10000000000000,5,10,10000000000000,10000000000000,0,0,0,1,4,2,0,31,3,0,61,False,False,detractor,1,2,0,0,18,7,5,1,5,4,17,False
bb26c9bd1114441fb3ccdbbd29a73416,56,female,191740,2,secondary_education,24815,employed,2,business,0,0,0,2,2,1,0,0,4265,10000000000000,65,10000000000000,10000000000000,10000000000000,10000000000000,7,17,10000000000000,10000000000000,0,0,10000000000000,0,5,1,1,31,0,0,41,False,False,passive,0,0,3,0,23,6,2,2,8,2,20,False
7db64fdc359c4f579908031ce2f70d39,59,female,268628,3,master,83063,employed,13,student,0,0,1,0,1,0,0,0,0,10000000000000,74,10000000000000,10000000000000,10000000000000,10000000000000,7,15,10000000000000,10000000000000,0,0,1,10000000000000,6,2,0,32,3,0,19,False,False,passive,0,1,0,0,20,5,2,1,7,2,25,False
d681424eb06b4e3f9e9e128ba04f0eda,37,male,172845,2,primary_education,20628,self-employed,34,savings,3,1,0,0,4,1,3,1,0,10000000000000,40,10000000000000,10000000000000,10000000000000,10000000000000,2,21,10000000000000,10000000000000,0,0,1,0,3,3,0,17,1,0,77,False,False,detractor,0,2,0,0,26,3,4,1,4,1,18,False
622c63f776744e239766233c35e2f054,45,male,14970,1,master,50242,employed,14,savings,2,2,0,0,4,1,2,1,5228,10000000000000,24,10000000000000,10000000000000,10000000000000,10000000000000,6,26,10000000000000,10000000000000,0,0,10000000000000,10000000000000,2,0,0,25,3,0,201,False,False,passive,0,3,0,0,36,7,5,1,6,2,24,True
5cabae8778c74ab98bf57a6a22dc38de,33,female,176132,2,master,63234,employed,8,savings,1,1,0,0,2,0,0,0,0,10000000000000,90,10000000000000,10000000000000,10000000000000,10000000000000,3,17,10000000000000,10000000000000,0,0,1,10000000000000,2,1,0,21,0,0,17,True,False,detractor,0,0,3,0,23,6,5,0,2,3,23,False
c2ad725834414fcba3d78877204da3d0,43,male,121170,3,primary_education,16282,employed,30,savings,1,2,0,0,3,2,0,0,118,10000000000000,17,10000000000000,10000000000000,10000000000000,10000000000000,4,23,10000000000000,10000000000000,0,1,10000000000000,0,1,0,0,23,3,0,46,False,False,passive,1,1,0,0,29,4,9,0,5,3,19,False
e39227fb26b04263bb280d7e485c1834,54,female,92284,4,secondary_education,17373,employed,95,student,0,0,1,0,1,0,0,0,0,10000000000000,0,10000000000000,10000000000000,10000000000000,10000000000000,6,24,10000000000000,10000000000000,0,0,1,3588,1,1,0,31,2,0,5,False,False,promoter,0,2,0,0,21,1,3,0,6,0,16,True
66e5ebbc0bfa4db6a9b9806da02548e8,43,female,50218,6,bachelor,37300,employed,2,business,1,0,0,2,3,1,0,0,5356,10000000000000,50,10000000000000,10000000000000,10000000000000,10000000000000,5,18,10000000000000,10000000000000,2,0,10000000000000,10000000000000,2,0,0,35,2,0,166,False,False,passive,0,2,0,0,19,2,6,1,8,3,27,False
da617bad24f14e0a877b3b25c9a43e1e,52,female,259576,1,unknown,21170,self-employed,14,savings,1,4,0,0,5,0,2,0,0,10000000000000,95,10000000000000,10000000000000,10000000000000,10000000000000,1,19,10000000000000,10000000000000,0,1,1,10000000000000,2,1,0,39,1,0,53,False,False,passive,1,1,2,1,26,8,0,3,9,1,24,False
b12219b4964043b5a9a8753244890dac,47,female,188699,2,bachelor,38059,employed,44,savings,0,1,0,0,1,0,0,0,0,10000000000000,83,10000000000000,10000000000000,10000000000000,10000000000000,8,26,10000000000000,10000000000000,0,0,1,10000000000000,3,0,0,26,2,0,117,False,False,passive,2,3,0,0,24,4,6,0,8,0,18,False
3f074aa238ec4e06b128b80171f843b2,37,male,282836,1,primary_education,25269,employed,4,standard,1,2,0,0,3,0,0,0,0,10000000000000,2,10000000000000,10000000000000,10000000000000,10000000000000,4,16,10000000000000,10000000000000,0,0,1,10000000000000,3,0,0,35,3,0,139,False,False,passive,0,6,0,0,33,3,5,0,9,4,20,False
91db797b9cd046838f4f1e522a3aeed6,26,male,239177,1,secondary_education,42407,employed,37,student,0,0,4,0,4,1,1,0,5139,10000000000000,10,10000000000000,10000000000000,10000000000000,10000000000000,6,19,10000000000000,10000000000000,0,0,10000000000000,10000000000000,2,1,0,24,3,0,49,False,False,detractor,0,2,1,0,32,1,5,1,6,0,22,False
9a9f4de2eae94e68b45b18c910dfdd8b,52,female,64304,5,primary_education,16707,other,13,standard,3,0,0,0,3,0,0,1,0,10000000000000,24,10000000000000,10000000000000,10000000000000,10000000000000,5,14,10000000000000,10000000000000,0,1,1,10000000000000,2,3,0,29,0,0,0,False,False,detractor,1,2,0,0,19,2,3,2,7,0,28,False
f9ed43bb3dec472ab2bcdada44cd8ea4,41,female,94558,1,secondary_education,26666,employed,43,standard,0,1,0,0,1,0,0,0,1044,10000000000000,104,10000000000000,10000000000000,10000000000000,10000000000000,6,27,10000000000000,10000000000000,0,1,0,1,5,0,0,25,5,0,146,False,False,passive,0,1,0,0,17,7,6,1,7,2,20,False
166878ed0d864ee3bd0270e5acf10c1f,34,female,175860,7,unknown,22777,employed,39,student,0,0,2,0,2,1,0,0,0,10000000000000,18,10000000000000,10000000000000,10000000000000,10000000000000,4,21,10000000000000,10000000000000,0,0,1,10000000000000,4,0,0,32,2,0,519,False,False,passive,2,0,0,0,28,4,5,2,5,3,18,False
f7e6de66d93046948bdd65959fbc7fff,38,female,185496,1,bachelor,50529,employed,0,business,0,0,0,1,1,0,0,0,17259,10000000000000,0,10000000000000,10000000000000,10000000000000,10000000000000,5,24,10000000000000,10000000000000,0,0,10000000000000,10000000000000,4,2,0,24,2,0,0,False,False,passive,1,2,3,1,22,8,1,1,5,3,15,False
b18b83cd05b84ac3b9c32e441fe50b6d,38,male,500,1,primary_education,23240,employed,61,standard,1,1,0,0,2,1,0,0,0,10000000000000,53,10000000000000,10000000000000,10000000000000,10000000000000,5,15,10000000000000,10000000000000,0,0,1,10000000000000,0,0,0,28,5,0,11,False,False,passive,0,2,0,0,23,1,5,1,4,2,19,True
11d53cca805f44f18d4fadec9f2eca80,55,male,185373,1,no_formal_education,15303,employed,10,standard,0,2,0,0,2,1,0,0,0,10000000000000,24,10000000000000,10000000000000,10000000000000,10000000000000,7,23,10000000000000,10000000000000,0,0,1,10000000000000,3,3,0,32,1,0,42,False,False,detractor,0,6,0,0,35,4,9,1,0,3,16,False
4f86ebc88b5a4b8fba3e47f92a4868ab,50,male,189065,3,bachelor,49079,employed,0,student,0,0,0,0,0,0,0,0,6959,10000000000000,4,10000000000000,10000000000000,10000000000000,10000000000000,3,21,10000000000000,10000000000000,1,1,10000000000000,10000000000000,4,1,0,31,0,0,15,True,False,detractor,0,1,0,0,34,7,6,0,5,1,25,False
89cb5c605eff4d36a24c773001366236,26,female,88176,1,bachelor,49734,employed,9,savings,0,0,0,0,0,0,0,0,0,10000000000000,16,10000000000000,10000000000000,10000000000000,10000000000000,2,26,10000000000000,10000000000000,2,0,1,10000000000000,5,0,0,28,1,0,37,False,False,detractor,1,1,3,1,30,5,5,0,4,4,27,False
529b4cc78edb4df8ab74d024b039b355,45,male,36328,1,master,37252,employed,91,business,0,0,0,5,5,1,2,1,3293,0,1,10000000000000,10000000000000,10000000000000,10000000000000,3,20,10000000000000,10000000000000,0,0,10000000000000,10000000000000,3,0,0,33,0,0,140,False,False,promoter,0,1,1,0,24,4,6,0,10,0,17,False
281cf4d2fa3c415f9336a15b5bfc0067,19,male,151651,2,secondary_education,39754,employed,57,savings,1,0,0,0,1,0,0,0,5069,10000000000000,35,10000000000000,10000000000000,10000000000000,10000000000000,3,17,10000000000000,10000000000000,0,0,10000000000000,10000000000000,6,2,0,35,2,0,44,False,False,detractor,0,1,0,0,20,3,1,0,5,1,12,False
43a305ee316e470288965d6a97ad3ddb,49,male,316713,2,master,59743,employed,16,business,1,0,0,2,3,1,0,1,0,10000000000000,83,10000000000000,10000000000000,10000000000000,10000000000000,6,22,10000000000000,10000000000000,0,0,1,10000000000000,2,1,0,35,2,0,0,False,False,detractor,1,2,0,0,33,0,5,2,13,1,20,False
662751c4875f45ce854a7743f624adff,39,male,301823,3,secondary_education,30640,employed,23,student,0,0,2,0,2,4,0,1,0,10000000000000,14,10000000000000,10000000000000,10000000000000,10000000000000,7,19,10000000000000,10000000000000,0,1,1,10000000000000,5,3,0,28,2,0,43,False,False,promoter,1,3,0,0,15,5,1,0,6,2,21,False
cb6066c0bf9c40fdb234b37ad4971466,58,male,189421,4,primary_education,27609,employed,61,savings,3,2,0,0,5,1,0,0,0,10000000000000,45,10000000000000,10000000000000,10000000000000,10000000000000,4,23,10000000000000,10000000000000,0,1,1,10000000000000,7,2,0,28,2,0,6,False,False,detractor,0,3,0,0,29,8,4,2,2,5,20,True
138dcc59e8b24a7f910c7696de466746,37,female,221912,4,bachelor,38148,employed,8,standard,2,1,0,0,3,2,0,0,12431,10000000000000,10,10000000000000,10000000000000,10000000000000,10000000000000,7,22,10000000000000,10000000000000,0,0,10000000000000,10000000000000,1,0,0,32,0,0,457,False,False,promoter,0,1,0,0,23,1,7,2,6,1,25,False
d3a72701658c4660a962c1f44d6926c1,18,female,152757,3,bachelor,50725,unemployed,4,standard,2,0,0,0,2,0,0,1,0,10000000000000,4,10000000000000,10000000000000,10000000000000,10000000000000,10,20,10000000000000,10000000000000,0,0,1,10000000000000,2,1,0,26,1,0,2,False,False,detractor,0,4,1,0,24,5,7,0,5,2,22,False
0cf00e7a42104a689d577117a373b528,18,female,125416,1,bachelor,49500,student,20,business,0,0,0,3,3,1,0,0,6208,10000000000000,14,10000000000000,10000000000000,10000000000000,10000000000000,5,25,10000000000000,10000000000000,1,0,10000000000000,10000000000000,1,0,0,29,2,0,131,False,False,passive,1,5,1,1,35,3,5,2,3,2,18,True
dce603c694b546e9a89e99631a3a8fee,48,male,197613,1,secondary_education,20571,employed,5,savings,0,2,0,0,2,1,0,0,0,10000000000000,39,10000000000000,10000000000000,10000000000000,10000000000000,2,18,10000000000000,10000000000000,0,0,1,10000000000000,2,1,0,31,6,0,8,False,False,detractor,0,2,0,0,30,6,5,0,8,1,21,False
1aaa40cf6caa4295b8d232d0735e96d4,34,male,161918,4,bachelor,49984,self-employed,2,savings,1,1,0,0,2,0,0,0,12426,10000000000000,71,10000000000000,10000000000000,10000000000000,10000000000000,4,26,10000000000000,10000000000000,0,0,10000000000000,10000000000000,4,0,0,27,1,0,309,False,False,promoter,0,2,0,0,31,6,5,1,3,1,24,False
3148baae03df487c978a89920726dfc5,41,male,190361,4,master,68482,self-employed,10,business,0,0,0,2,2,2,0,0,0,10000000000000,24,10000000000000,10000000000000,10000000000000,10000000000000,6,23,10000000000000,10000000000000,0,2,1,0,5,2,0,32,1,0,11,False,False,promoter,0,4,0,0,31,7,5,0,7,1,15,False
53491708f89746dba1741ee4c277b831,51,female,287134,2,bachelor,55315,self-employed,83,student,0,0,0,0,0,0,0,1,6934,0,7,10000000000000,10000000000000,10000000000000,10000000000000,5,19,10000000000000,10000000000000,0,1,0,1,4,2,1,29,4,0,20,False,False,promoter,0,3,2,0,24,5,1,0,6,3,24,False
00a5dcb90518479e809d18ee56093319,51,female,117727,2,secondary_education,36579,employed,10,standard,4,3,0,0,7,3,1,0,16880,10000000000000,27,10000000000000,10000000000000,10000000000000,10000000000000,3,20,10000000000000,10000000000000,0,0,10000000000000,10000000000000,2,1,0,30,2,0,5,False,False,detractor,0,2,0,0,31,5,6,1,4,4,16,False
3e5e7ff00bfd4b4daa685033c134ba74,41,female,339487,3,bachelor,45569,employed,49,savings,1,3,0,0,4,1,1,0,505,10000000000000,6,10000000000000,10000000000000,10000000000000,10000000000000,5,23,10000000000000,10000000000000,0,0,10000000000000,10000000000000,3,3,0,34,0,0,69,False,False,promoter,2,3,0,0,23,4,7,2,3,3,15,False
6832412c597941c5953f043013b44ffa,62,female,141841,1,master,47330,retired,28,student,0,0,1,0,1,0,0,0,0,0,6,10000000000000,10000000000000,10000000000000,10000000000000,4,14,10000000000000,10000000000000,0,0,1,10000000000000,3,0,0,21,2,0,152,False,False,passive,0,1,0,0,29,4,4,1,2,1,14,False
609b1f021436441395b1683798ceb9a7,42,female,330378,2,bachelor,51321,employed,32,savings,1,2,0,0,3,1,0,0,2374,10000000000000,50,10000000000000,10000000000000,10000000000000,10000000000000,7,12,10000000000000,10000000000000,0,1,0,1,6,4,0,30,0,0,22,False,False,detractor,1,2,0,0,34,6,1,1,7,3,23,False
fa4eaa44babe417f89481518df7308cb,47,female,260154,4,primary_education,28791,employed,29,standard,2,1,0,0,3,0,0,0,0,10000000000000,7,10000000000000,10000000000000,10000000000000,10000000000000,5,17,10000000000000,10000000000000,0,0,1,10000000000000,1,2,0,26,1,0,46,False,False,passive,1,1,0,0,30,4,7,0,5,3,19,True
d9b55e68d0824d7ea774ba907036537f,51,male,256970,1,bachelor,62276,employed,13,savings,0,1,0,0,1,0,0,1,8220,10000000000000,4,10000000000000,10000000000000,10000000000000,10000000000000,5,20,10000000000000,10000000000000,0,1,10000000000000,10000000000000,3,0,0,25,4,0,85,False,False,promoter,0,2,0,0,27,7,7,0,7,3,21,False
d055132d628b47749006e8f87b0e7b90,41,male,402249,1,bachelor,31290,employed,13,standard,2,1,0,0,3,0,0,1,0,10000000000000,17,10000000000000,10000000000000,10000000000000,10000000000000,4,17,10000000000000,10000000000000,0,1,1,10000000000000,3,0,0,30,1,0,755,True,True,passive,0,0,3,0,28,6,4,2,5,3,21,False
bbed4a9aeb99499f98941cb65676c400,50,female,119047,1,bachelor,35951,employed,9,savings,0,3,0,0,3,1,0,0,1725,10000000000000,25,10000000000000,10000000000000,10000000000000,10000000000000,5,19,10000000000000,10000000000000,0,0,0,1,3,0,0,27,5,0,235,False,False,promoter,0,3,0,0,26,2,13,0,4,2,26,False
872bfc31ee694b9aa3a5b38967bd3b27,43,female,365542,2,bachelor,32829,employed,14,student,0,0,2,0,2,1,0,0,0,10000000000000,81,10000000000000,10000000000000,10000000000000,10000000000000,1,22,10000000000000,10000000000000,1,0,1,0,4,0,0,21,1,0,1071,False,False,passive,0,3,0,0,29,5,6,1,4,1,18,False
ec34bc765d714cf0897a61a28bdcbfd6,31,male,153083,2,master,61024,employed,26,standard,3,0,0,0,3,0,0,0,1254,10000000000000,15,10000000000000,10000000000000,10000000000000,10000000000000,5,24,10000000000000,10000000000000,0,2,10000000000000,0,5,3,0,29,0,0,11,False,False,promoter,0,1,0,0,27,6,3,3,4,0,25,False
34188a3615e54cd1b248113f7d42ad6b,46,female,108213,1,secondary_education,32821,other,54,student,0,0,2,0,2,2,0,0,2240,10000000000000,61,10000000000000,10000000000000,10000000000000,10000000000000,4,20,10000000000000,10000000000000,0,1,10000000000000,10000000000000,1,1,0,29,1,0,17,False,False,promoter,0,3,0,0,23,4,8,1,8,3,21,False
380b6a9cf3d047c5ae52947ae7c4f8fc,59,female,166382,4,bachelor,43828,self-employed,40,standard,2,0,0,0,2,1,0,0,0,10000000000000,29,10000000000000,10000000000000,10000000000000,10000000000000,5,22,10000000000000,10000000000000,0,2,1,0,3,1,0,27,1,0,11,True,False,promoter,1,5,0,0,18,5,8,1,3,4,19,False
c3e16625d15f4cd486022ea763266273,55,male,230882,1,bachelor,23295,employed,13,standard,2,1,0,0,3,1,0,0,0,10000000000000,17,10000000000000,10000000000000,10000000000000,10000000000000,6,17,10000000000000,10000000000000,0,0,1,10000000000000,4,1,0,34,3,0,33,True,False,detractor,1,0,0,0,28,3,8,1,7,2,23,False
0b5ada8a14304c698c16a017ce02ad57,24,male,131184,1,secondary_education,31618,employed,79,standard,0,2,0,0,2,0,0,0,528,10000000000000,80,10000000000000,10000000000000,10000000000000,10000000000000,3,20,10000000000000,10000000000000,1,0,10000000000000,10000000000000,4,1,0,28,1,0,12,False,False,promoter,2,1,2,2,33,4,10,0,2,2,21,True
b50f850f0e7c4082851f4e2b5563aebd,42,male,289620,1,unknown,1085,self-employed,19,savings,1,4,0,0,5,3,0,0,1031,10000000000000,22,10000000000000,10000000000000,10000000000000,10000000000000,9,11,10000000000000,10000000000000,0,0,10000000000000,10000000000000,4,1,0,37,1,0,113,False,False,passive,1,3,1,1,24,3,8,1,3,1,19,False
87feb0cb66444bcd8d6044c94d13bc4e,29,female,14683,1,bachelor,50567,employed,12,savings,0,4,0,0,4,2,1,0,20,10000000000000,6,10000000000000,10000000000000,10000000000000,10000000000000,7,17,10000000000000,10000000000000,1,0,10000000000000,10000000000000,6,4,0,34,1,0,7,False,False,promoter,3,3,0,0,19,4,3,0,6,2,12,False
38f8c31ae7564017bc8c0c84055ed4d5,30,female,75887,1,bachelor,46924,employed,44,savings,0,1,0,0,1,0,0,1,16242,10000000000000,99,10000000000000,10000000000000,10000000000000,10000000000000,8,16,10000000000000,10000000000000,0,1,10000000000000,10000000000000,1,0,0,27,2,0,218,False,False,passive,0,3,1,0,27,7,6,2,5,0,20,False
134ca660d0a14de6bd6eaccd6c15e9c1,48,female,301608,1,secondary_education,25152,other,23,standard,0,0,0,0,0,0,0,1,0,10000000000000,79,10000000000000,10000000000000,10000000000000,10000000000000,1,14,10000000000000,10000000000000,0,1,1,10000000000000,3,0,0,29,3,0,755,False,False,promoter,2,2,2,2,22,4,5,2,5,3,12,True
56f77785a4534e0987080d60ab738f7e,34,male,249417,1,bachelor,49481,employed,37,student,0,0,0,0,0,0,0,1,11311,10000000000000,4,10000000000000,10000000000000,10000000000000,10000000000000,6,19,10000000000000,10000000000000,0,0,10000000000000,10000000000000,3,1,0,40,1,0,53,True,True,promoter,0,2,0,0,34,7,8,0,6,2,20,False
8b77bc7bcfcc4bd2be9869ce42e518d4,30,female,87869,2,secondary_education,15255,employed,1,savings,0,1,0,0,1,0,0,0,13821,10000000000000,37,10000000000000,10000000000000,10000000000000,10000000000000,4,15,10000000000000,10000000000000,0,1,0,1,5,0,0,37,2,0,161,False,False,detractor,0,0,0,0,27,6,4,1,6,2,27,False
a6eaa1ae33444d9cb39307f37feec065,43,male,358836,4,bachelor,38794,other,0,standard,2,2,0,0,4,3,0,1,0,10000000000000,12,10000000000000,10000000000000,10000000000000,10000000000000,7,17,10000000000000,10000000000000,0,0,1,0,3,1,0,33,5,0,107,False,False,detractor,1,4,0,0,29,3,7,1,3,4,22,True
7d14ef787d7e4afa91463cf6f1ff6a10,39,female,222178,1,master,50731,employed,18,standard,0,0,0,0,0,0,0,0,0,10000000000000,51,10000000000000,10000000000000,10000000000000,10000000000000,4,23,10000000000000,10000000000000,0,1,1,624093366987,4,0,0,33,1,0,1179,False,False,promoter,1,3,0,0,19,4,7,1,7,1,21,False
780d80e227994bb4b56075ebd0d6e1cd,20,male,103246,6,bachelor,27844,employed,16,savings,2,3,0,0,5,1,0,0,0,10000000000000,25,10000000000000,10000000000000,10000000000000,10000000000000,4,15,10000000000000,10000000000000,0,1,1,10000000000000,0,0,0,29,1,0,514,False,False,promoter,0,1,0,0,24,4,6,0,4,1,23,True
36e1019a372342809aacd60ebe617f63,23,female,255052,4,bachelor,41387,employed,8,standard,3,2,0,0,5,5,1,0,1044,10000000000000,61,10000000000000,10000000000000,10000000000000,10000000000000,3,18,10000000000000,10000000000000,0,0,0,1,3,1,0,31,2,0,12,False,False,promoter,0,2,0,0,32,4,6,2,10,1,16,False
3061f57c2e494f1892001af89262ffee,57,female,297131,5,secondary_education,36265,employed,17,savings,1,2,0,0,3,0,0,0,0,10000000000000,58,10000000000000,10000000000000,10000000000000,10000000000000,6,18,10000000000000,10000000000000,0,1,1,10000000000000,4,0,0,40,2,0,114,False,False,promoter,1,1,0,0,28,6,10,0,2,1,18,False
fd725054fd764851bb6249ec8207eea1,24,male,72140,2,secondary_education,31422,employed,50,savings,2,3,0,0,5,0,0,0,0,0,35,10000000000000,10000000000000,10000000000000,10000000000000,7,23,10000000000000,10000000000000,0,1,1,10000000000000,2,0,0,40,5,0,703,False,False,promoter,0,3,0,0,29,2,6,1,4,0,22,False
ab1c267f395f46aead8c5b078a82087f,41,female,214066,1,bachelor,38912,employed,19,standard,0,1,0,0,1,0,0,1,7767,10000000000000,56,10000000000000,10000000000000,10000000000000,10000000000000,5,22,10000000000000,10000000000000,0,0,10000000000000,10000000000000,4,1,0,32,1,0,7,False,False,passive,1,2,1,1,34,2,7,3,7,3,20,False
eb0642ea13b04ffba4971bfd3d2e1ad5,44,male,183895,4,secondary_education,38483,employed,2,business,0,0,0,0,0,0,0,0,0,0,30,10000000000000,10000000000000,10000000000000,10000000000000,5,10,10000000000000,10000000000000,0,0,1,4288377,2,2,0,29,1,0,18,False,False,passive,0,1,3,0,28,5,5,0,10,3,17,True
6b100f5fe31e405f84a9e1df1d1e1d5b,18,female,247372,4,bachelor,38182,unemployed,6,standard,2,2,0,0,4,0,0,0,0,10000000000000,20,10000000000000,10000000000000,10000000000000,10000000000000,8,20,10000000000000,10000000000000,0,0,1,10000000000000,3,1,0,35,3,0,33,False,False,passive,1,4,2,1,25,5,8,1,4,2,17,False
bd2f76c8122a4b6bbd648a0127c5bf5f,18,male,500,2,bachelor,45404,student,28,student,0,0,0,0,0,0,0,0,10158,10000000000000,2,10000000000000,10000000000000,10000000000000,10000000000000,6,15,10000000000000,10000000000000,0,0,10000000000000,10000000000000,4,2,0,25,2,0,25,False,False,detractor,2,1,2,2,28,7,7,0,6,3,21,False
02f27474f83243059739d5ccb2956b97,51,male,173868,2,unknown,31354,self-employed,7,savings,0,1,0,0,1,0,0,1,952,10000000000000,10,10000000000000,10000000000000,10000000000000,10000000000000,6,10,10000000000000,10000000000000,0,0,10000000000000,0,4,0,0,23,2,0,547,False,False,promoter,0,4,0,0,24,1,8,0,6,0,24,False
48cb879681e445beac5d72faf07cb450,18,male,290715,1,master,49978,student,0,savings,0,3,0,0,3,1,0,1,6017,10000000000000,21,10000000000000,10000000000000,10000000000000,10000000000000,4,20,10000000000000,10000000000000,0,1,10000000000000,10000000000000,3,1,0,33,1,1,7,False,False,detractor,0,0,0,0,27,9,4,0,6,3,19,False
49543ba3951c4ea290e28ed66f950ccb,27,male,139945,1,master,56655,employed,5,student,0,0,1,0,1,0,0,0,0,10000000000000,10,10000000000000,10000000000000,10000000000000,10000000000000,7,24,10000000000000,10000000000000,0,2,1,10000000000000,3,1,0,26,2,1,21,False,False,detractor,0,3,1,0,25,2,10,0,5,1,19,False
6b5bf94a4da34507ab5312888c94928c,35,female,240685,4,master,73956,self-employed,3,standard,2,2,0,0,4,2,1,0,0,10000000000000,7,10000000000000,10000000000000,10000000000000,10000000000000,6,18,10000000000000,10000000000000,0,0,1,0,3,1,0,30,2,0,2,False,False,passive,0,4,0,0,25,5,8,1,3,4,17,False
c0d2a3cc7f7542d28cc200d6fe6f63ad,61,female,99251,3,unknown,38269,retired,15,business,1,0,0,2,3,2,0,0,0,10000000000000,29,10000000000000,10000000000000,10000000000000,10000000000000,1,18,10000000000000,10000000000000,0,0,1,0,4,1,0,29,2,0,0,False,False,detractor,0,4,0,0,22,4,4,2,6,0,17,False
105baaef159d4337a904143adff1a228,51,female,216802,1,secondary_education,35376,employed,48,business,0,0,0,3,3,0,0,0,0,10000000000000,61,10000000000000,10000000000000,10000000000000,10000000000000,5,19,10000000000000,10000000000000,0,1,1,10000000000000,2,0,0,30,2,0,435,False,False,promoter,0,1,0,0,20,6,9,2,7,4,13,False
b9f50bd4ebfb4e9894fa248a3d6ed7b1,36,female,207765,1,master,46926,employed,15,student,0,0,1,0,1,0,0,0,0,10000000000000,61,10000000000000,10000000000000,10000000000000,10000000000000,5,21,10000000000000,10000000000000,0,1,1,321877,3,3,0,28,2,0,25,False,False,promoter,0,4,0,0,21,4,6,1,7,2,24,False
eafe688abdd847b7895b551e56ef6062,64,male,165593,2,secondary_education,21803,employed,0,business,1,0,0,2,3,0,0,0,8687,10000000000000,44,10000000000000,10000000000000,10000000000000,10000000000000,4,14,10000000000000,10000000000000,0,0,10000000000000,10000000000000,3,1,0,25,3,0,8,False,False,passive,0,2,1,0,26,3,4,0,3,0,29,False
41a60403c2da46ddb2a04f17d1764e41,53,female,311079,2,unknown,23903,self-employed,40,business,0,0,0,0,0,0,0,0,0,10000000000000,49,10000000000000,10000000000000,10000000000000,10000000000000,6,31,10000000000000,10000000000000,0,0,1,10000000000000,6,0,0,32,2,0,14,False,False,detractor,3,2,3,3,18,3,10,3,4,1,18,False
9ebac75fa95e48c0bcb15d5df02d0fe3,35,female,500,1,secondary_education,20109,self-employed,13,business,1,0,0,4,5,2,1,0,3141,0,26,10000000000000,10000000000000,10000000000000,10000000000000,3,16,10000000000000,10000000000000,0,0,10000000000000,10000000000000,5,2,0,32,1,0,20,False,False,detractor,1,3,0,0,22,7,4,3,4,2,23,False
f133cd08d79f43c0b3cc4ea87a51915b,48,male,143564,1,unknown,39971,self-employed,27,savings,3,1,0,0,4,5,1,0,7666,10000000000000,10,10000000000000,10000000000000,10000000000000,10000000000000,6,17,10000000000000,10000000000000,0,0,10000000000000,10000000000000,3,1,0,37,2,0,66,False,False,detractor,1,1,0,0,33,9,6,0,6,2,21,True
769b45323d8046c38a950458ccf12013,28,female,267834,3,master,44165,employed,7,student,0,0,1,0,1,0,0,0,0,10000000000000,62,10000000000000,10000000000000,10000000000000,10000000000000,8,19,10000000000000,10000000000000,0,0,1,0,2,0,0,22,1,0,113,False,False,passive,0,0,0,0,23,1,2,2,1,2,21,True
cd549af6178d4a18a01804a2cba9833a,38,female,61149,2,master,44502,employed,8,savings,1,1,0,0,2,0,0,0,0,10000000000000,103,10000000000000,10000000000000,10000000000000,10000000000000,7,16,10000000000000,10000000000000,0,0,1,10000000000000,6,5,0,31,2,0,31,True,False,detractor,1,2,0,0,31,8,7,0,3,5,18,False
68e8d1ab0504471aaa323ca27221a7a8,35,male,109060,1,secondary_education,32879,unemployed,64,student,0,0,1,0,1,0,0,0,13855,10000000000000,15,10000000000000,10000000000000,10000000000000,10000000000000,3,15,10000000000000,10000000000000,0,0,10000000000000,10000000000000,4,2,0,28,2,0,13,False,False,detractor,0,1,0,0,17,4,4,2,2,3,26,False
6a72f213d68049da9e2dbdd1dc61940e,40,female,56887,1,master,58530,employed,17,student,0,0,3,0,3,0,0,0,8702,10000000000000,186,10000000000000,10000000000000,10000000000000,10000000000000,4,19,10000000000000,10000000000000,0,0,10000000000000,10000000000000,3,1,0,28,3,0,0,True,True,detractor,2,4,0,0,25,2,4,1,8,0,20,False
a73eb4d1a69449b5bc1132fe9ff93181,43,female,360241,1,bachelor,32935,employed,19,savings,0,3,0,0,3,5,0,0,0,10000000000000,15,10000000000000,10000000000000,10000000000000,10000000000000,2,25,10000000000000,10000000000000,0,2,1,10000000000000,1,0,0,33,1,0,639,True,True,promoter,0,3,0,0,19,2,8,0,7,1,27,True
49139e4835bb4f29bb4a3ee612f8323e,46,male,207921,2,secondary_education,34880,self-employed,11,standard,3,0,0,0,3,2,0,0,0,10000000000000,20,10000000000000,10000000000000,10000000000000,10000000000000,5,23,10000000000000,10000000000000,0,0,1,10000000000000,3,2,0,39,2,0,9,False,False,detractor,0,3,0,0,29,2,1,3,4,5,30,False
966d7835b1694c939c68825df3e07f68,38,female,372400,3,bachelor,46333,employed,25,student,0,0,0,0,0,0,0,0,0,10000000000000,35,10000000000000,10000000000000,10000000000000,10000000000000,2,21,10000000000000,10000000000000,0,2,1,10000000000000,1,0,0,28,1,0,202,False,False,promoter,0,2,0,0,27,1,5,0,3,4,26,True
73bd78ebb8d142889251f22c4b4b82c4,20,male,151327,1,secondary_education,25313,employed,6,standard,0,0,0,0,0,0,0,0,7649,10000000000000,80,10000000000000,10000000000000,10000000000000,10000000000000,6,23,10000000000000,10000000000000,0,0,10000000000000,0,4,2,0,34,3,0,16,False,False,passive,8,2,2,2,29,4,7,2,2,3,28,True
3f355394db2949309a62de23d35d1830,40,female,70468,3,master,74354,self-employed,21,business,1,0,0,1,2,0,0,0,6019,10000000000000,71,10000000000000,10000000000000,10000000000000,10000000000000,7,22,10000000000000,10000000000000,0,0,10000000000000,10000000000000,3,1,0,26,2,0,23,False,False,promoter,0,1,0,0,25,3,12,1,2,3,23,False
8d9d917ceb564e358f792b1afc6dec70,19,male,118273,3,bachelor,52172,self-employed,46,standard,3,1,0,0,4,0,2,0,0,10000000000000,54,10000000000000,10000000000000,10000000000000,10000000000000,4,15,10000000000000,10000000000000,0,0,1,10000000000000,3,2,0,24,1,0,31,False,False,passive,1,1,0,0,23,6,5,0,3,2,25,False
c44fd7b327eb46aa9694c8bd8e5b8acf,44,male,414552,1,bachelor,32224,self-employed,9,student,0,0,0,0,0,0,0,0,0,10000000000000,24,10000000000000,10000000000000,10000000000000,10000000000000,7,22,10000000000000,10000000000000,0,0,1,10000000000000,3,0,0,20,2,0,666,False,False,promoter,0,2,0,0,21,8,9,1,4,4,25,False
22dcb6730a3644eaa6164d68606c983e,47,female,500,2,unknown,20087,self-employed,65,standard,0,0,0,0,0,0,0,0,0,10000000000000,0,10000000000000,10000000000000,10000000000000,10000000000000,2,19,10000000000000,10000000000000,0,1,1,10000000000000,4,0,0,34,2,0,33,False,False,promoter,1,4,0,0,27,5,6,0,6,2,26,True
9c3b794e6ede46cba7cff2bdddc43aeb,46,male,234047,1,secondary_education,25455,self-employed,13,student,0,0,0,0,0,0,0,0,0,10000000000000,1,10000000000000,10000000000000,10000000000000,10000000000000,4,20,10000000000000,10000000000000,0,0,1,0,5,4,0,25,3,0,2,False,False,passive,1,1,0,0,34,5,11,0,4,0,27,False
ef7344302bb94899acdb2548682679af,40,female,248470,1,bachelor,51100,self-employed,4,standard,4,0,0,0,4,1,0,0,14926,10000000000000,32,10000000000000,10000000000000,10000000000000,10000000000000,6,15,10000000000000,10000000000000,0,0,10000000000000,10000000000000,4,0,0,23,1,0,85,False,False,detractor,0,0,1,0,35,4,3,3,5,4,11,False
4eeee2daff634725bbd5d83e3e029237,55,female,51951,3,bachelor,53676,employed,49,savings,0,1,0,0,1,0,0,0,8534,10000000000000,26,10000000000000,10000000000000,10000000000000,10000000000000,5,21,10000000000000,10000000000000,0,0,0,1,3,2,0,25,2,0,1,False,False,promoter,0,1,2,0,28,6,3,1,5,1,21,False
22c45c1fe9a443bd8a18098a1577f5f6,26,female,500,1,bachelor,63817,other,19,savings,2,1,0,0,3,0,0,0,10905,10000000000000,58,10000000000000,10000000000000,10000000000000,10000000000000,3,22,10000000000000,10000000000000,0,0,10000000000000,228977019,4,1,0,38,1,0,7,False,False,detractor,1,3,0,0,25,4,3,1,2,3,18,False
362179eccdd644cf9b98bd3e6328b1f5,37,female,318758,4,unknown,18910,employed,20,standard,1,1,0,0,2,2,0,0,0,10000000000000,53,10000000000000,10000000000000,10000000000000,10000000000000,2,19,10000000000000,10000000000000,0,1,1,10000000000000,4,2,0,36,1,0,20,False,False,detractor,0,1,4,0,26,3,7,1,6,2,20,False
f80a178763d34764a286dddcc7fa2771,32,male,248708,2,bachelor,34880,employed,10,savings,1,2,0,0,3,1,0,0,1216,10000000000000,14,10000000000000,10000000000000,10000000000000,10000000000000,8,26,10000000000000,10000000000000,0,2,10000000000000,10000000000000,4,1,0,22,0,0,16,False,False,detractor,0,0,0,0,29,3,10,2,7,2,26,False
56e1b9daa97a4c97a74f438fbd03332e,54,male,69712,4,bachelor,30323,employed,99,standard,2,2,0,0,4,0,1,0,17048,10000000000000,22,10000000000000,10000000000000,10000000000000,10000000000000,5,18,10000000000000,10000000000000,0,0,10000000000000,10000000000000,6,1,0,30,1,0,6,False,False,passive,0,2,0,0,25,7,6,1,4,0,24,False
0448a31f9dc642619b091dcfcef6affa,41,male,150091,2,bachelor,47069,self-employed,3,savings,3,2,0,0,5,0,0,0,0,10000000000000,77,10000000000000,10000000000000,10000000000000,10000000000000,6,15,10000000000000,10000000000000,0,0,1,10000000000000,4,2,0,29,2,0,16,False,False,detractor,3,2,0,0,16,3,5,1,5,1,16,False
119da9cc17d44a9480417633700308ba,43,female,141238,3,primary_education,33269,employed,34,standard,0,1,0,0,1,0,0,0,15003,10000000000000,22,10000000000000,10000000000000,10000000000000,10000000000000,1,25,10000000000000,10000000000000,1,2,10000000000000,10000000000000,3,1,0,25,0,0,3,False,False,promoter,2,2,0,0,24,7,10,0,8,2,15,False
eead01380f2140e082ddd2f19016a664,36,male,183008,1,master,75358,employed,30,savings,1,3,0,0,4,0,2,0,3532,10000000000000,20,10000000000000,10000000000000,10000000000000,10000000000000,6,21,10000000000000,10000000000000,0,1,10000000000000,0,0,0,0,32,3,0,410,False,False,detractor,1,2,1,1,22,4,0,2,6,1,20,False
3a540c1ed42d44b8bbdaeaf9fcd9dfec,38,male,247892,3,master,89948,employed,22,savings,3,0,0,0,3,0,0,0,0,0,20,10000000000000,10000000000000,10000000000000,10000000000000,2,16,10000000000000,10000000000000,1,0,1,10000000000000,1,1,0,31,0,0,25,False,False,passive,0,1,0,0,21,4,4,1,4,2,17,False
7018441dcef04a8e8e1156f41bd34c37,49,male,108805,1,secondary_education,35508,self-employed,54,student,0,0,1,0,1,0,0,1,3408,10000000000000,24,10000000000000,10000000000000,10000000000000,10000000000000,9,11,10000000000000,10000000000000,0,0,0,1,2,1,0,30,1,0,3,False,False,promoter,0,4,0,0,22,5,5,1,2,5,20,False
eb18d55207f54783ad0d1a8d4db8b2ff,41,male,113368,2,bachelor,40780,employed,10,student,0,0,1,0,1,0,0,0,17583,10000000000000,130,10000000000000,10000000000000,10000000000000,10000000000000,3,22,10000000000000,10000000000000,1,1,10000000000000,10000000000000,0,0,0,20,3,0,179,False,False,detractor,1,3,2,1,23,2,0,1,6,1,28,False
490b01e2a36e48a79dce92b7e4d822b3,25,female,144436,3,bachelor,40542,employed,11,student,0,0,1,0,1,0,0,0,0,10000000000000,40,10000000000000,10000000000000,10000000000000,10000000000000,2,28,10000000000000,10000000000000,0,0,1,0,3,0,0,41,3,0,1047,False,False,promoter,0,4,0,0,23,3,5,1,6,2,25,False
3da54677f8924d6c8fbbcc09ff90b417,36,female,363497,1,primary_education,15992,employed,3,business,0,0,0,3,3,2,0,0,0,10000000000000,37,10000000000000,10000000000000,10000000000000,10000000000000,9,20,10000000000000,10000000000000,0,2,1,10000000000000,5,0,0,24,3,0,110,False,False,promoter,1,3,0,0,28,6,11,0,7,0,25,False
4dc034a9de334ffbba0f69e7b17f5a48,51,male,422575,2,master,39009,self-employed,32,business,3,0,0,3,6,0,0,1,4136,10000000000000,35,10000000000000,10000000000000,10000000000000,10000000000000,6,23,10000000000000,10000000000000,0,2,10000000000000,10000000000000,1,1,0,37,2,0,94,False,False,detractor,1,0,1,1,26,5,2,1,4,2,20,False
e730f090065945d7a4402be03be5ee1f,31,female,215906,3,doctorate,-681,employed,22,business,1,0,0,0,1,0,0,1,0,10000000000000,32,10000000000000,10000000000000,10000000000000,10000000000000,8,18,10000000000000,10000000000000,1,1,1,10000000000000,2,1,0,35,2,0,12,False,False,passive,0,1,0,0,26,3,7,2,4,3,20,False
f6cdcdd52c544e49b1b00aa0fb448f5a,42,female,308361,1,bachelor,41987,employed,13,savings,0,2,0,0,2,0,0,0,0,10000000000000,25,10000000000000,10000000000000,10000000000000,10000000000000,4,23,10000000000000,10000000000000,0,0,1,10000000000000,8,3,0,31,2,0,7,False,False,detractor,2,3,0,0,24,3,7,2,2,2,20,False
dab53e01ff744c2aae0ccf63a2924a21,28,female,267752,1,bachelor,39038,employed,10,student,0,0,1,0,1,0,0,0,0,10000000000000,23,10000000000000,10000000000000,10000000000000,10000000000000,6,14,10000000000000,10000000000000,0,1,1,10000000000000,1,2,0,27,0,0,37,False,False,detractor,1,3,0,0,18,7,3,4,6,4,15,True
d987759c56a9459b8500c4dbf54c9580,51,male,169219,4,bachelor,52849,employed,45,standard,2,1,0,0,3,0,0,0,0,10000000000000,12,10000000000000,10000000000000,10000000000000,10000000000000,3,18,10000000000000,10000000000000,0,0,1,10000000000000,2,0,0,27,1,0,64,False,False,detractor,0,2,2,0,22,4,0,0,4,4,20,True
58e4a5c08b2042a08bca9d5ced7df8ae,58,female,195188,1,unknown,24056,employed,34,business,2,0,0,3,5,2,0,1,0,10000000000000,14,10000000000000,10000000000000,10000000000000,10000000000000,3,27,10000000000000,10000000000000,0,2,1,10000000000000,2,0,0,43,5,0,130,False,False,passive,0,1,0,0,22,7,7,0,3,1,20,True
67d9ec77074347bc848afe2b27c245a7,62,male,187139,1,primary_education,20453,employed,17,student,0,0,1,0,1,0,0,1,11382,10000000000000,148,10000000000000,10000000000000,10000000000000,10000000000000,6,11,10000000000000,10000000000000,0,0,0,1,3,0,0,37,4,0,66,False,False,promoter,0,3,0,0,18,3,8,4,7,2,24,False
1ec257ad873248e3b4f92277ea847c01,42,male,500,3,master,42687,employed,40,student,0,0,0,0,0,0,0,0,2298,10000000000000,46,10000000000000,10000000000000,10000000000000,10000000000000,8,27,10000000000000,10000000000000,0,1,10000000000000,10000000000000,1,0,0,26,1,0,145,False,False,promoter,0,1,0,0,23,5,5,1,6,1,25,False
ac12902207bc4f08a90c5d1bd251bf48,65,male,140104,2,master,77263,self-employed,6,business,1,0,0,1,2,0,0,1,11361,10000000000000,10,10000000000000,10000000000000,10000000000000,10000000000000,7,19,10000000000000,10000000000000,0,1,10000000000000,10000000000000,2,1,0,22,6,0,15,False,False,passive,0,0,0,0,16,3,6,2,9,1,17,True
1ab2c80958eb491497c22125fd24b1c2,35,male,206523,2,bachelor,45183,employed,11,standard,2,3,0,0,5,2,0,0,0,10000000000000,30,10000000000000,10000000000000,10000000000000,10000000000000,8,25,10000000000000,10000000000000,0,1,1,10000000000000,2,0,0,28,1,0,80,False,False,passive,0,2,1,0,35,3,6,0,11,5,28,False
4418bebceaf344feb7a33508b4bb71b2,44,female,27220,2,primary_education,19966,employed,5,business,1,0,0,1,2,0,0,0,0,10000000000000,12,10000000000000,10000000000000,10000000000000,10000000000000,3,18,10000000000000,10000000000000,0,1,1,10000000000000,0,0,0,25,1,0,532,True,True,promoter,0,4,0,0,26,2,8,1,6,0,19,False
c46bb256aa9f4b67a390bf909c531869,28,female,135758,4,bachelor,46382,employed,15,business,1,0,0,2,3,1,0,0,1045,10000000000000,79,10000000000000,10000000000000,10000000000000,10000000000000,5,19,10000000000000,10000000000000,0,0,0,1,4,2,0,20,0,0,8,False,False,detractor,2,2,0,0,34,6,5,1,7,1,18,True
55ba9c4acc1345c1a4fbac4f4154851c,52,male,357841,4,secondary_education,21470,employed,86,savings,1,4,0,0,5,2,0,0,856,10000000000000,22,10000000000000,10000000000000,10000000000000,10000000000000,7,18,10000000000000,10000000000000,0,0,10000000000000,10000000000000,2,1,0,35,0,0,20,False,False,promoter,0,2,0,0,24,4,8,3,3,1,18,False
2d1d6e38827840929c4752988291d30f,56,male,167071,2,primary_education,16980,employed,3,savings,0,1,0,0,1,0,0,0,11720,10000000000000,0,10000000000000,10000000000000,10000000000000,10000000000000,4,20,10000000000000,10000000000000,0,0,10000000000000,0,2,2,0,29,2,0,30,False,False,detractor,0,3,0,0,32,2,6,2,7,0,19,False
7f6b6a1db9444032aeb7e10ff878a997,39,male,294048,2,bachelor,47390,employed,14,savings,0,4,0,0,4,3,0,0,0,10000000000000,40,10000000000000,10000000000000,10000000000000,10000000000000,5,17,10000000000000,10000000000000,1,2,1,10000000000000,0,0,0,26,2,0,100,True,False,promoter,2,1,0,0,25,4,4,2,7,1,13,True
32e5d0568f444dc18cd62a1a98552c0d,44,male,153631,2,bachelor,36396,self-employed,54,business,1,0,0,4,5,1,0,0,4069,10000000000000,18,10000000000000,10000000000000,10000000000000,10000000000000,5,24,10000000000000,10000000000000,0,0,0,1,5,1,0,25,3,0,11,True,False,passive,0,3,1,0,27,5,7,0,12,3,19,False
19404c7a33f74024a7c50cce5f710911,44,male,100815,3,primary_education,26908,employed,8,student,0,0,1,0,1,0,0,0,9365,10000000000000,3,10000000000000,10000000000000,10000000000000,10000000000000,6,20,10000000000000,10000000000000,0,1,10000000000000,10000000000000,2,1,0,35,1,0,31,False,False,detractor,0,2,0,0,29,2,6,1,7,4,20,True
6bfbf70f9bf542abbe94b639ac3d6a9a,55,male,314954,4,unknown,29199,employed,20,business,1,0,0,1,2,0,0,0,11148,10000000000000,2,10000000000000,10000000000000,10000000000000,10000000000000,6,24,10000000000000,10000000000000,0,1,10000000000000,10000000000000,3,3,0,25,0,0,13,False,False,detractor,1,2,0,0,41,6,7,3,2,2,19,False
8b3f141b07144e4f94963e1ce0fdbbb8,46,male,30697,5,master,73924,employed,35,business,2,0,0,3,5,0,1,1,0,10000000000000,14,10000000000000,10000000000000,10000000000000,10000000000000,5,17,10000000000000,10000000000000,0,0,1,10000000000000,0,0,0,30,3,0,18,False,False,passive,1,4,0,0,33,4,4,0,8,0,19,False
333f3ab4d2d545c5b91c065cf71cab15,50,female,272170,1,unknown,39916,employed,3,standard,0,1,0,0,1,0,0,0,3454,10000000000000,39,10000000000000,10000000000000,10000000000000,10000000000000,5,19,10000000000000,10000000000000,1,1,10000000000000,10000000000000,1,0,0,34,2,0,1385,False,False,detractor,0,1,0,0,37,3,3,1,1,1,18,False
12c1a09f65754fe290da17d503c05806,46,female,378243,2,bachelor,32183,self-employed,20,standard,3,0,0,0,3,1,0,0,0,10000000000000,10,10000000000000,10000000000000,10000000000000,10000000000000,4,17,10000000000000,10000000000000,0,1,1,10994755,2,3,0,31,1,0,19,False,False,passive,0,4,0,0,26,7,4,0,4,2,25,False
d4e7514535524635a773002a42727355,24,male,350681,1,master,61417,employed,16,business,3,0,0,5,8,3,1,0,0,10000000000000,57,10000000000000,10000000000000,10000000000000,10000000000000,5,16,10000000000000,10000000000000,0,0,1,10000000000000,3,1,0,17,2,0,13,False,False,detractor,0,4,1,0,25,4,6,0,7,3,17,False
bcfc7ad852f94025b96b1534e7a99241,43,female,188748,1,bachelor,61781,unemployed,12,student,0,0,1,0,1,0,0,1,9886,10000000000000,32,10000000000000,10000000000000,10000000000000,10000000000000,3,17,10000000000000,10000000000000,0,0,10000000000000,10000000000000,6,0,0,27,2,0,9,False,False,passive,3,2,2,2,30,0,1,1,1,1,18,False
2d414f15935243c88cb491dfa7b8824b,49,male,172344,1,bachelor,27942,employed,49,standard,1,1,0,0,2,0,0,0,0,10000000000000,109,10000000000000,10000000000000,10000000000000,10000000000000,3,18,10000000000000,10000000000000,0,0,1,10000000000000,1,0,0,32,2,0,171,False,False,passive,0,2,0,0,27,5,2,3,3,2,20,False
adb054b7a2a14f1999dfcf3f12a74a2d,42,male,204837,2,bachelor,54014,self-employed,2,student,0,0,0,0,0,0,0,0,0,10000000000000,5,10000000000000,10000000000000,10000000000000,10000000000000,9,19,10000000000000,10000000000000,0,0,1,10000000000000,3,0,0,35,2,1,591,False,False,passive,2,1,0,0,24,3,6,0,8,0,23,False
4b597e1682234790b21eb9dfc2cfcad6,49,female,277518,4,secondary_education,37201,employed,47,savings,1,0,0,0,1,0,0,0,15756,10000000000000,102,10000000000000,10000000000000,10000000000000,10000000000000,4,20,10000000000000,10000000000000,0,1,10000000000000,10000000000000,4,0,0,28,4,1,89,False,False,passive,1,3,0,0,19,7,11,2,6,0,22,False
b77537ecf48749abb92d15dd4857f8a9,45,female,142114,1,bachelor,40761,employed,36,standard,2,1,0,0,3,3,0,0,0,10000000000000,66,10000000000000,10000000000000,10000000000000,10000000000000,3,14,10000000000000,10000000000000,0,0,1,10000000000000,4,0,0,25,3,0,889,False,False,promoter,0,3,0,0,23,6,7,1,4,2,10,False
3306d01a76514ab194a2559792c73ff7,43,female,306114,3,bachelor,34331,employed,9,student,0,0,0,0,0,0,0,0,4820,10000000000000,197,10000000000000,10000000000000,10000000000000,10000000000000,5,26,10000000000000,10000000000000,0,0,10000000000000,10000000000000,7,3,0,27,1,0,18,True,True,detractor,0,3,0,0,28,9,6,3,4,2,21,False
32e47a40ca384e47b14196f29ba1c444,36,male,223646,1,primary_education,29957,employed,48,standard,3,0,0,0,3,3,0,0,17108,10000000000000,92,10000000000000,10000000000000,10000000000000,10000000000000,3,13,10000000000000,10000000000000,0,1,0,1,4,0,0,22,2,0,1023,False,False,promoter,0,2,1,0,19,6,4,3,5,3,18,False
2fda6de128bc4df4a1c8987d9b7e0913,18,male,129262,3,bachelor,51981,student,25,business,2,0,0,3,5,0,1,0,0,10000000000000,26,10000000000000,10000000000000,10000000000000,10000000000000,4,18,10000000000000,10000000000000,0,0,1,10000000000000,3,0,0,24,0,0,0,False,False,detractor,0,3,1,0,34,6,2,0,3,2,9,True
a14bae557061426fa51d8a87c7ca07a6,30,male,276246,1,bachelor,37295,employed,14,student,0,0,1,0,1,0,0,0,0,10000000000000,2,10000000000000,10000000000000,10000000000000,10000000000000,5,17,10000000000000,10000000000000,0,0,1,0,8,2,0,31,1,0,2,False,False,detractor,0,0,1,0,23,3,4,1,5,7,17,False
6a810438ead14c6494f79e2c7469fc85,50,male,133910,1,secondary_education,35536,employed,28,business,0,0,0,0,0,0,0,1,0,10000000000000,47,10000000000000,10000000000000,10000000000000,10000000000000,3,21,10000000000000,10000000000000,0,0,1,10000000000000,6,3,0,38,2,0,2,False,False,passive,0,1,1,0,24,3,4,1,5,2,23,False
7954a37b63e54129ba4e316ac4b6abe4,36,female,241779,2,unknown,30342,employed,36,business,0,0,0,5,5,1,0,1,3260,10000000000000,15,10000000000000,10000000000000,10000000000000,10000000000000,3,27,10000000000000,10000000000000,0,3,10000000000000,10000000000000,7,1,0,34,0,0,29,False,False,promoter,1,3,3,1,24,4,3,1,4,2,17,False
1f60077abbe5433cae61bdf7f7a84861,34,female,180559,3,secondary_education,32104,employed,14,student,0,0,0,0,0,0,0,1,7984,10000000000000,2,10000000000000,10000000000000,10000000000000,10000000000000,2,10,10000000000000,10000000000000,0,1,10000000000000,10000000000000,2,1,0,35,1,0,16,False,False,passive,0,1,1,0,24,5,6,0,7,2,15,False
b59ea787e94c426c8810fb8ee0cdb447,45,male,298689,4,bachelor,50567,employed,11,student,0,0,1,0,1,0,0,0,4623,10000000000000,45,10000000000000,10000000000000,10000000000000,10000000000000,4,22,10000000000000,10000000000000,1,1,10000000000000,0,5,3,0,33,2,0,40,False,False,promoter,1,1,0,0,26,5,5,2,5,2,11,False
54f72e5c0a4049b4b58e19042128bab8,36,female,104561,1,master,51693,employed,2,student,0,0,2,0,2,2,0,0,19309,10000000000000,8,10000000000000,10000000000000,10000000000000,10000000000000,8,27,10000000000000,10000000000000,1,2,10000000000000,0,3,2,0,43,0,0,41,True,False,detractor,0,3,1,0,29,6,5,1,4,2,20,False
8443a7b9ea2d4feba723880264d22e1a,40,female,252261,1,master,70853,employed,9,business,2,0,0,0,2,0,0,0,14805,10000000000000,43,10000000000000,10000000000000,10000000000000,10000000000000,6,20,10000000000000,10000000000000,0,1,10000000000000,10000000000000,3,2,0,18,3,0,25,False,False,passive,0,1,0,0,24,5,2,1,6,4,13,False
5e98a0ac09bb494497429d0d7af7a531,19,female,272329,1,bachelor,57254,employed,18,business,0,0,0,3,3,0,0,1,4591,10000000000000,54,10000000000000,10000000000000,10000000000000,10000000000000,5,20,10000000000000,10000000000000,0,1,10000000000000,10000000000000,0,0,0,25,3,0,125,False,False,promoter,1,1,0,0,34,6,5,1,5,1,23,False
d4b112b1b043489db48510e10c4d4c33,45,female,189046,1,secondary_education,28826,employed,26,business,1,0,0,1,2,1,0,0,6411,10000000000000,20,10000000000000,10000000000000,10000000000000,10000000000000,8,21,10000000000000,10000000000000,0,1,10000000000000,10000000000000,6,0,0,27,2,0,109,False,False,promoter,0,2,1,0,24,2,10,0,11,0,24,False
95e7a150d3a745d99c97bbb7514bb616,64,female,415801,3,secondary_education,28814,unemployed,110,savings,1,1,0,0,2,0,0,0,6024,10000000000000,16,10000000000000,10000000000000,10000000000000,10000000000000,8,22,10000000000000,10000000000000,0,0,10000000000000,10000000000000,0,0,0,28,4,0,29,False,False,passive,1,5,0,0,30,3,3,1,3,2,17,False
645a78d37b6044998a1408b7c119843a,61,male,18846,3,primary_education,26328,other,78,business,1,0,0,2,3,2,0,0,4528,10000000000000,80,10000000000000,10000000000000,10000000000000,10000000000000,3,17,10000000000000,10000000000000,0,0,10000000000000,10000000000000,3,0,0,25,4,0,280,True,False,passive,0,2,0,0,21,5,12,1,5,1,17,False
8965fbb1f7e24c13a7a146c02a872b11,43,male,163028,2,master,69884,employed,41,standard,1,1,0,0,2,0,0,0,6736,10000000000000,51,10000000000000,10000000000000,10000000000000,10000000000000,7,26,10000000000000,10000000000000,0,0,10000000000000,0,1,0,0,32,3,0,160,False,False,detractor,0,1,1,0,28,10,9,1,3,3,14,False
5bf5f0e7475644fa985c9f6040aa7b52,59,male,192005,1,master,59209,employed,1,student,0,0,1,0,1,0,0,0,0,10000000000000,20,10000000000000,10000000000000,10000000000000,10000000000000,5,24,10000000000000,10000000000000,0,0,1,10000000000000,1,3,0,23,3,0,35,False,False,passive,2,1,0,0,20,4,1,1,6,1,23,False
455ad8dff67b48f6adbb70c59a3669c9,52,female,192531,2,bachelor,52273,employed,4,business,4,0,0,2,6,1,3,0,16661,10000000000000,58,10000000000000,10000000000000,10000000000000,10000000000000,7,22,10000000000000,10000000000000,0,0,10000000000000,10000000000000,3,0,0,22,0,0,226,False,False,detractor,0,1,0,0,27,5,10,4,4,3,18,True
f780f79fb5e8450ba09dd331b0d145ca,31,female,304390,4,secondary_education,28253,employed,3,standard,0,1,0,0,1,0,0,0,13057,10000000000000,27,10000000000000,10000000000000,10000000000000,10000000000000,5,17,10000000000000,10000000000000,0,0,10000000000000,10000000000000,2,0,0,29,1,0,904,False,False,passive,2,2,0,0,28,4,4,1,3,1,17,False
555bd67892964a27ac135ee2e0c6352f,32,female,219017,1,bachelor,48411,employed,14,student,0,0,1,0,1,0,0,0,446,10000000000000,81,10000000000000,10000000000000,10000000000000,10000000000000,5,14,10000000000000,10000000000000,0,2,10000000000000,10000000000000,4,0,0,21,1,0,112,False,False,passive,0,1,0,0,29,3,8,1,4,1,16,False
2f01419fb07745b8bd9d9586e5528cc5,44,male,59846,4,bachelor,22081,other,16,student,0,0,0,0,0,0,0,0,0,10000000000000,28,10000000000000,10000000000000,10000000000000,10000000000000,5,12,10000000000000,10000000000000,0,0,1,10000000000000,2,2,0,18,1,0,2,False,False,promoter,1,4,0,0,28,4,9,2,1,0,27,False
10546da45b9b4946bdd9880337e897fb,52,male,500,1,bachelor,46890,self-employed,49,standard,2,1,0,0,3,0,0,0,2135,10000000000000,35,10000000000000,10000000000000,10000000000000,10000000000000,6,22,10000000000000,10000000000000,0,0,0,1,3,0,0,25,1,0,391,False,False,promoter,2,4,0,0,27,4,10,2,4,2,14,False
77c0bc36a53d4dac93231b4c47a65b05,48,male,190530,2,unknown,35317,employed,8,student,0,0,1,0,1,0,0,0,11448,10000000000000,28,10000000000000,10000000000000,10000000000000,10000000000000,3,13,10000000000000,10000000000000,0,0,0,1,6,3,0,26,4,0,37,False,False,detractor,0,3,1,0,29,5,0,0,3,3,25,False
0f68ec5eb7714cf8a26119ca38e33385,20,female,322352,1,secondary_education,34113,student,8,standard,1,0,0,0,1,0,0,0,4136,10000000000000,14,10000000000000,10000000000000,10000000000000,10000000000000,4,26,10000000000000,10000000000000,0,1,10000000000000,0,4,1,0,26,8,0,16,False,False,promoter,0,0,0,0,16,6,5,0,1,2,15,False
e82651ed5bc540b19953c8ac5dad1ab9,41,female,273829,1,master,66633,employed,8,business,1,0,0,0,1,0,0,0,12620,10000000000000,1,10000000000000,10000000000000,10000000000000,10000000000000,2,21,10000000000000,10000000000000,0,0,10000000000000,10000000000000,3,1,0,32,0,0,18,False,False,passive,0,1,0,0,24,6,7,0,7,3,15,False
8e7043aca35b4348a96adab76a3199e3,29,female,192348,1,secondary_education,33899,employed,25,student,0,0,1,0,1,0,0,0,2436,10000000000000,17,10000000000000,10000000000000,10000000000000,10000000000000,4,18,10000000000000,10000000000000,0,1,10000000000000,10000000000000,3,2,0,33,0,0,5,True,False,detractor,0,2,1,0,34,4,11,2,4,0,14,False
aa575718a84e4b14b581f5c3a7109928,45,male,57215,3,secondary_education,32473,employed,7,savings,2,5,0,0,7,2,1,0,5898,10000000000000,9,10000000000000,10000000000000,10000000000000,10000000000000,4,17,10000000000000,10000000000000,0,1,10000000000000,10000000000000,2,0,0,30,5,0,573,False,False,detractor,0,4,0,0,16,5,8,0,4,3,18,False
8c5892cdf8a144c4baaa9e0c998d40ea,26,male,297334,2,bachelor,40716,employed,65,student,0,0,2,0,2,3,0,0,3604,10000000000000,7,10000000000000,10000000000000,10000000000000,10000000000000,5,31,10000000000000,10000000000000,1,0,10000000000000,0,1,1,0,32,1,0,36,False,False,detractor,0,3,0,0,33,5,2,0,4,3,19,False
102171acaa7045a58a93367492ae1314,22,female,220873,1,secondary_education,31961,retired,13,business,0,0,0,1,1,0,0,0,0,10000000000000,49,10000000000000,10000000000000,10000000000000,10000000000000,11,18,10000000000000,10000000000000,0,0,1,0,3,1,0,21,1,0,44,True,False,detractor,1,1,2,1,25,3,4,0,5,2,23,False
8aa6822235a04c2384e4ce47a92e0ff0,37,male,238470,1,bachelor,26549,employed,19,standard,1,0,0,0,1,0,0,0,0,10000000000000,7,10000000000000,10000000000000,10000000000000,10000000000000,10,27,10000000000000,10000000000000,0,1,1,10000000000000,0,0,0,32,2,0,134,False,False,promoter,0,1,0,0,24,4,8,0,5,1,24,False
80717c1fd5174b1fae4191a1a1d1b191,22,male,186327,1,master,65757,retired,32,business,1,0,0,1,2,1,0,0,0,10000000000000,13,10000000000000,10000000000000,10000000000000,10000000000000,2,23,10000000000000,10000000000000,0,0,1,10000000000000,6,1,0,31,3,0,8,False,False,promoter,0,1,2,0,22,2,9,1,3,0,19,False
0e81e2ed16db44d0b0961f2963da7f08,29,female,104324,1,no_formal_education,15418,unemployed,28,business,2,0,0,3,5,3,1,0,3389,10000000000000,4,10000000000000,10000000000000,10000000000000,10000000000000,3,10,10000000000000,10000000000000,0,0,10000000000000,0,3,3,0,23,1,0,27,False,False,detractor,0,2,2,0,21,8,9,1,3,3,20,False
8f7c56d9b86a4b439cd4e04edbcc0883,39,male,30454,1,bachelor,50142,unemployed,13,savings,0,0,0,0,0,0,0,0,2470,10000000000000,21,10000000000000,10000000000000,10000000000000,10000000000000,0,0,1,10000000000000,0,0,10000000000000,10000000000000,1,2,0,26,1,0,80,False,False,promoter,0,2,1,0,20,9,7,0,5,2,20,False
a03c8ec7e3c04128b324b1937ba1287c,26,female,113962,1,bachelor,57287,student,15,savings,2,1,0,0,3,2,0,0,11811,10000000000000,20,10000000000000,10000000000000,10000000000000,10000000000000,5,18,10000000000000,10000000000000,0,0,10000000000000,10000000000000,3,1,0,34,2,0,5,False,False,passive,0,4,0,0,23,8,0,0,4,2,27,False
5fcb4ca73ac14dfe83b47f69c7c16048,50,female,408707,1,bachelor,31261,employed,55,standard,1,2,0,0,3,1,0,0,0,10000000000000,9,10000000000000,10000000000000,10000000000000,10000000000000,3,20,10000000000000,10000000000000,0,0,1,10000000000000,3,0,0,32,3,0,90,False,False,promoter,0,1,0,0,18,2,9,3,4,2,24,False
7c4bbd751cd94c3985b963e49b79a6e4,56,male,500,1,primary_education,27389,employed,36,savings,2,3,0,0,5,3,0,0,0,10000000000000,24,10000000000000,10000000000000,10000000000000,10000000000000,10,21,10000000000000,10000000000000,0,0,1,10000000000000,1,3,0,23,2,0,23,False,False,promoter,0,6,0,0,24,4,3,0,4,1,16,False
b698e59ed88145808e9e4e4e36ea4de6,49,female,86804,1,secondary_education,26718,employed,27,student,0,0,2,0,2,0,0,0,4234,10000000000000,71,10000000000000,10000000000000,10000000000000,10000000000000,8,18,10000000000000,10000000000000,0,0,10000000000000,10000000000000,2,0,0,26,0,0,156,True,False,detractor,2,2,0,0,31,5,4,1,5,1,26,True
031a0e9202d84d728d73a106e174a92b,34,male,178192,1,bachelor,62547,employed,22,standard,0,2,0,0,2,0,0,0,1109,10000000000000,14,10000000000000,10000000000000,10000000000000,10000000000000,5,22,10000000000000,10000000000000,0,1,6403191067,10000000000000,0,0,0,33,5,0,884,False,False,passive,1,3,0,0,19,4,10,0,5,1,21,False
314e4cd7faa043ff911b515074f419b2,59,female,111688,2,bachelor,49436,retired,35,savings,0,1,0,0,1,0,0,0,0,10000000000000,68,10000000000000,10000000000000,10000000000000,10000000000000,4,29,10000000000000,10000000000000,0,0,1,10000000000000,2,2,0,35,1,0,82,False,False,promoter,1,2,1,1,30,5,3,1,3,1,19,False
26d646bc577847c08d0bf9789c0b7ae9,30,male,251098,1,bachelor,55055,employed,26,standard,2,1,0,0,3,1,0,0,0,10000000000000,46,10000000000000,10000000000000,10000000000000,10000000000000,9,20,10000000000000,10000000000000,0,1,1,10000000000000,2,2,0,22,3,0,45,True,True,detractor,1,2,0,0,23,4,8,1,6,2,16,False
bcf9e64a42ac4c34a17ef61220915d9d,45,male,249622,2,bachelor,50764,employed,0,business,0,0,0,0,0,0,0,0,0,10000000000000,1,10000000000000,10000000000000,10000000000000,10000000000000,3,15,10000000000000,10000000000000,0,1,1,0,5,0,0,29,1,0,250,False,False,promoter,0,1,1,0,28,3,6,0,4,3,15,False
0c6bbfeebfa042b699e4bf9c42002d14,27,female,335263,2,bachelor,60525,unemployed,16,student,0,0,2,0,2,2,0,0,0,10000000000000,17,10000000000000,10000000000000,10000000000000,10000000000000,4,12,10000000000000,10000000000000,0,0,1,0,4,0,0,31,2,0,844,False,False,promoter,2,3,0,0,25,5,11,2,3,1,18,False
e30cde3a93184f4d89c24d1ff4e2d465,24,female,146761,2,bachelor,42911,unemployed,43,standard,1,1,0,0,2,0,0,0,0,10000000000000,58,10000000000000,10000000000000,10000000000000,10000000000000,2,29,10000000000000,10000000000000,1,1,1,10000000000000,1,3,0,24,4,0,2,False,False,detractor,0,1,0,0,23,4,9,0,14,1,16,False
7f48f35ed3a24175942940956a24a8f9,33,female,264246,2,secondary_education,35261,employed,4,business,2,0,0,2,4,2,1,2,3820,10000000000000,27,10000000000000,10000000000000,10000000000000,10000000000000,5,19,10000000000000,10000000000000,0,1,10000000000000,10000000000000,2,0,0,37,0,0,533,False,False,passive,0,0,0,0,25,3,6,2,3,1,20,False
3e56f2c308c1451aad334f49803ee28f,47,female,151821,1,bachelor,24609,employed,12,standard,2,2,0,0,4,3,0,0,7176,10000000000000,37,10000000000000,10000000000000,10000000000000,10000000000000,3,24,10000000000000,10000000000000,0,0,10000000000000,10000000000000,3,0,0,28,2,0,2036,False,False,passive,1,2,0,0,29,3,1,0,7,2,15,True
7c018a96af61478fb126d1de63c937f1,33,female,223358,1,master,78511,employed,5,student,0,0,3,0,3,0,0,1,0,10000000000000,34,10000000000000,10000000000000,10000000000000,10000000000000,9,9,10000000000000,10000000000000,0,0,1,10000000000000,2,0,0,28,3,0,70,True,True,promoter,0,3,1,0,25,9,6,2,3,2,21,True
a7796fedd74647feba37f046d0d6ecc3,42,male,143383,1,unknown,29708,self-employed,1,standard,3,1,0,0,4,1,2,0,0,10000000000000,20,10000000000000,10000000000000,10000000000000,10000000000000,5,18,10000000000000,10000000000000,1,1,1,10000000000000,4,0,0,21,3,0,190,False,False,promoter,0,2,3,0,24,3,6,0,5,3,12,False
dc9881d51fa84f6ca9e3e428a899aae6,35,female,99482,3,bachelor,35168,employed,3,savings,1,2,0,0,3,3,0,0,6821,10000000000000,14,10000000000000,10000000000000,10000000000000,10000000000000,7,21,10000000000000,10000000000000,0,0,10000000000000,10000000000000,2,0,0,31,4,0,409,False,False,passive,0,0,0,0,24,2,0,1,3,1,16,False
b1286e32cae9433ab17e2b5ae78cdf60,45,male,335116,1,bachelor,41653,employed,36,business,0,0,0,2,2,1,0,1,9905,10000000000000,4,10000000000000,10000000000000,10000000000000,10000000000000,2,14,10000000000000,10000000000000,0,0,10000000000000,10000000000000,4,1,0,25,0,0,9,True,True,detractor,1,3,0,0,23,6,11,4,5,2,23,False
5aa4e8f598ae4541a720745ca570e278,36,male,209085,2,primary_education,20564,employed,5,student,0,0,1,0,1,0,0,0,23672,10000000000000,0,10000000000000,10000000000000,10000000000000,10000000000000,7,16,10000000000000,10000000000000,0,1,10000000000000,10000000000000,3,0,0,27,0,0,933,False,False,promoter,0,1,0,0,29,2,3,2,5,1,19,False
e4b79211e3da44e88cc9b9a1f8b14512,49,male,284733,1,bachelor,40233,self-employed,18,standard,1,0,0,0,1,0,0,0,0,10000000000000,26,10000000000000,10000000000000,10000000000000,10000000000000,7,12,10000000000000,10000000000000,0,3,1,10000000000000,1,2,0,32,3,0,20,False,False,promoter,0,0,0,0,32,4,1,2,3,1,22,False
1df2d31fed4b4ca09c4023091bb2e382,39,male,258840,2,primary_education,28566,employed,58,savings,1,0,0,0,1,0,0,0,0,10000000000000,9,10000000000000,10000000000000,10000000000000,10000000000000,5,19,10000000000000,10000000000000,2,0,1,0,3,1,0,37,1,0,77,False,False,passive,1,1,0,0,31,4,7,2,6,3,18,True
81c1a7e401804bbfa83fb9886d5f7b8f,18,male,144937,4,bachelor,59448,student,6,business,3,0,0,2,5,2,1,0,0,10000000000000,17,10000000000000,10000000000000,10000000000000,10000000000000,8,23,10000000000000,10000000000000,1,0,1,0,4,1,0,40,2,0,82,False,False,detractor,1,4,0,0,26,4,3,1,4,3,15,False
8f2faf486c5948ba91d60035465a5d5c,25,female,116121,4,bachelor,28548,student,10,standard,3,3,0,0,6,2,1,0,5765,10000000000000,0,10000000000000,10000000000000,10000000000000,10000000000000,2,19,10000000000000,10000000000000,0,0,10000000000000,10000000000000,1,1,0,28,1,0,20,False,False,detractor,0,3,0,0,26,6,8,0,5,2,19,False
d43380d8a9fa4aecaafc15d5e58c3c97,31,female,373214,2,master,63417,unemployed,13,savings,2,2,0,0,4,0,2,0,626,10000000000000,17,10000000000000,10000000000000,10000000000000,10000000000000,3,21,10000000000000,10000000000000,0,0,10000000000000,10000000000000,3,0,0,25,0,0,225,False,False,detractor,0,3,1,0,27,3,4,1,8,0,19,False
82bb8065fc4b4687aa11b04f56cb6e9c,35,male,348862,2,primary_education,19928,self-employed,17,student,0,0,1,0,1,0,0,0,0,10000000000000,4,10000000000000,10000000000000,10000000000000,10000000000000,7,20,10000000000000,10000000000000,0,0,1,10000000000000,2,1,0,28,2,0,27,False,False,passive,1,1,2,1,22,4,8,1,7,1,22,True
a6eb4792416b4b168c81389dda0566c4,40,male,123736,1,bachelor,40408,employed,56,business,0,0,0,4,4,1,0,0,0,10000000000000,33,10000000000000,10000000000000,10000000000000,10000000000000,7,17,10000000000000,10000000000000,0,2,1,10000000000000,2,4,0,32,4,0,19,False,False,promoter,1,4,1,1,28,3,0,2,9,1,23,False
2987266cd47744be93db232582c28814,55,female,404185,3,bachelor,48443,employed,6,savings,0,4,0,0,4,4,2,0,6901,10000000000000,11,10000000000000,10000000000000,10000000000000,10000000000000,4,28,10000000000000,10000000000000,0,0,10000000000000,10000000000000,1,0,0,32,0,0,878,False,False,detractor,0,2,0,0,12,3,5,0,3,3,17,True
7d516fa946f6408ca7502db2a4574bb9,38,female,149996,1,bachelor,50587,other,63,standard,1,0,0,0,1,0,0,0,0,10000000000000,57,10000000000000,10000000000000,10000000000000,10000000000000,6,22,10000000000000,10000000000000,0,0,1,0,0,0,0,23,3,0,411,False,False,promoter,0,1,0,0,23,5,5,3,9,3,14,False
8472a3302aa645adaa3d3cc7743dcc4c,46,female,350907,1,unknown,24850,employed,65,student,0,0,1,0,1,0,0,1,0,10000000000000,51,10000000000000,10000000000000,10000000000000,10000000000000,7,24,10000000000000,10000000000000,0,0,1,10000000000000,6,1,0,31,1,0,16,False,False,passive,0,5,0,0,23,6,9,2,4,3,19,True
e095555c1719445ebadbda6ee2d1e3e4,18,female,77717,5,bachelor,42917,employed,0,business,0,0,0,1,1,0,0,0,5528,10000000000000,22,10000000000000,10000000000000,10000000000000,10000000000000,5,23,10000000000000,10000000000000,0,0,0,1,5,1,0,30,0,0,4,False,False,detractor,0,3,1,0,22,7,1,0,1,1,26,False
b58ab43618ae4f9285b3e29e19b0a8aa,39,male,290040,5,bachelor,51482,self-employed,26,savings,0,2,0,0,2,2,0,0,12467,10000000000000,23,10000000000000,10000000000000,10000000000000,10000000000000,6,19,10000000000000,10000000000000,0,2,10000000000000,10000000000000,6,1,0,34,1,0,67,False,False,passive,0,1,2,0,29,5,7,2,5,1,15,False
d98a36372c1d4ae687ac41798f7d19e9,39,male,73811,3,secondary_education,28287,employed,17,standard,1,0,0,0,1,0,0,0,0,10000000000000,34,10000000000000,10000000000000,10000000000000,10000000000000,7,17,10000000000000,10000000000000,0,0,1,10000000000000,1,3,0,26,5,0,50,False,False,detractor,0,3,0,0,24,7,6,5,2,1,24,False
5f17f39c4f734e99a1feba88634ae0ce,19,female,340172,4,secondary_education,32091,employed,85,standard,2,0,0,0,2,1,0,0,1208,10000000000000,121,10000000000000,10000000000000,10000000000000,10000000000000,3,19,10000000000000,10000000000000,0,0,10000000000000,10000000000000,1,0,0,26,0,0,67,False,False,promoter,3,1,0,0,16,5,7,1,6,2,25,False
30df7f3d08ec499a8328897b89ad0ab2,46,female,176259,4,master,33048,employed,31,business,2,0,0,1,3,0,0,0,0,10000000000000,55,10000000000000,10000000000000,10000000000000,10000000000000,7,21,10000000000000,10000000000000,0,2,1,10000000000000,2,1,0,23,3,0,50,False,False,promoter,1,1,1,1,21,3,4,0,5,2,18,False
10e4d913bdac4f87b18453879cabae44,27,male,56285,1,bachelor,39668,employed,4,business,1,0,0,1,2,1,0,0,0,10000000000000,33,10000000000000,10000000000000,10000000000000,10000000000000,3,20,10000000000000,10000000000000,0,1,1,10000000000000,2,1,0,34,2,0,48,False,False,detractor,1,1,0,0,25,3,8,4,3,5,24,False
8f51ff47aa274ac18df3cc494aa2a1f9,21,male,232950,2,primary_education,27147,student,47,savings,4,2,0,0,6,1,0,0,7922,10000000000000,44,10000000000000,10000000000000,10000000000000,10000000000000,5,21,10000000000000,10000000000000,0,0,10000000000000,0,3,2,0,40,2,0,18,False,False,passive,0,4,0,0,27,5,5,1,4,4,28,False
6eaa6d0bb1ad49d9a90b714c055e9c67,33,male,225081,1,master,70943,self-employed,14,business,1,0,0,2,3,1,0,0,1359,10000000000000,22,10000000000000,10000000000000,10000000000000,10000000000000,2,17,10000000000000,10000000000000,0,0,10000000000000,10000000000000,3,3,0,30,1,0,21,False,False,passive,0,2,0,0,23,5,3,2,6,2,28,False
dcceb9bb82d64ce389f8539becc40de2,44,female,248040,1,secondary_education,27961,unemployed,1,standard,2,2,0,0,4,2,1,0,8006,10000000000000,5,10000000000000,10000000000000,10000000000000,10000000000000,7,20,10000000000000,10000000000000,0,0,10000000000000,10000000000000,2,0,0,22,1,0,86,False,False,detractor,0,1,0,0,24,2,7,1,5,0,16,False
d9da6600c97d41559f7e8e46456dae88,18,male,122701,3,bachelor,40372,other,3,savings,1,2,0,0,3,3,0,0,0,10000000000000,78,10000000000000,10000000000000,10000000000000,10000000000000,2,26,10000000000000,10000000000000,0,0,1,10000000000000,4,1,0,23,2,0,11,False,False,passive,1,3,0,0,28,4,2,4,3,1,20,False
de2aea5aac2b4962b7bfdbe72fb2916a,41,male,350004,4,bachelor,26401,employed,6,standard,4,0,0,0,4,2,1,0,16615,10000000000000,9,10000000000000,10000000000000,10000000000000,10000000000000,11,24,10000000000000,10000000000000,0,1,10000000000000,4590884,2,3,0,28,2,0,9,False,False,passive,0,0,0,0,24,3,6,0,4,2,24,False
a07f69011574438cb0f27e3718625a44,39,male,147622,1,secondary_education,38771,employed,49,standard,2,0,0,0,2,0,0,0,330,10000000000000,0,10000000000000,10000000000000,10000000000000,10000000000000,5,22,10000000000000,10000000000000,0,1,10000000000000,10000000000000,5,0,0,31,1,0,393,False,False,detractor,5,2,0,0,20,4,12,1,3,4,21,False
69771bb8a92546728d5dac0f069301e7,51,female,208332,2,bachelor,35044,employed,0,business,2,0,0,3,5,2,0,0,8465,10000000000000,17,10000000000000,10000000000000,10000000000000,10000000000000,4,28,10000000000000,10000000000000,0,2,10000000000000,10000000000000,2,1,0,28,2,0,13,False,False,detractor,1,2,0,0,18,6,9,0,3,4,20,False
0c94316beb70447d8e9ab4cf3665d297,37,male,184363,1,bachelor,44684,employed,37,student,0,0,1,0,1,0,0,0,0,10000000000000,20,10000000000000,10000000000000,10000000000000,10000000000000,6,27,10000000000000,10000000000000,0,0,1,0,0,0,0,30,3,0,132,False,False,promoter,2,0,0,0,35,5,8,1,9,0,15,False
ebe296dfb3854078ad0a0cf72945d2ff,23,female,50891,1,bachelor,48824,unemployed,18,student,0,0,1,0,1,0,0,0,0,10000000000000,30,10000000000000,10000000000000,10000000000000,10000000000000,5,22,10000000000000,10000000000000,0,0,1,10000000000000,1,0,0,32,3,0,222,True,True,promoter,0,0,0,0,32,7,3,3,2,0,22,False
8a29c24392534cfe8177f8804d1b679d,38,male,77284,2,bachelor,36096,employed,14,business,0,0,0,1,1,0,0,0,201,10000000000000,2,10000000000000,10000000000000,10000000000000,10000000000000,5,14,10000000000000,10000000000000,0,0,10000000000000,7770575283395,3,0,0,34,3,0,184,False,False,passive,0,2,0,0,20,5,2,1,7,1,28,False
5a1a43d6f401447e9ff50ff7ef587614,41,male,121158,5,bachelor,46598,employed,4,standard,2,1,0,0,3,0,0,0,4830,10000000000000,14,10000000000000,10000000000000,10000000000000,10000000000000,7,22,10000000000000,10000000000000,0,0,10000000000000,10000000000000,0,0,0,25,1,0,299,False,False,passive,0,2,0,0,25,6,4,1,7,1,14,True
8faad99152a648c9b0b948e77784c4a3,42,female,165345,1,unknown,22181,unemployed,2,savings,1,3,0,0,4,2,1,1,6231,10000000000000,35,10000000000000,10000000000000,10000000000000,10000000000000,6,27,10000000000000,10000000000000,0,0,10000000000000,0,1,0,0,26,2,0,923,False,False,detractor,0,2,1,0,27,6,5,2,6,0,23,False
64691d71ad6e4addb669ce99a3526d6c,33,female,336084,1,bachelor,58323,employed,4,standard,2,0,0,0,2,0,0,0,0,10000000000000,1,10000000000000,10000000000000,10000000000000,10000000000000,2,21,10000000000000,10000000000000,0,1,1,10000000000000,2,0,0,25,1,0,540,False,False,detractor,0,2,1,0,26,2,6,0,3,3,23,False
9d8a86552c8c42d3aaa15db1c878b0d6,48,female,307852,1,bachelor,55548,employed,17,business,0,0,0,3,3,0,0,0,9508,10000000000000,44,10000000000000,10000000000000,10000000000000,10000000000000,7,19,10000000000000,10000000000000,0,0,333,10000000000000,5,1,0,37,1,0,85,False,False,promoter,0,2,2,0,27,6,6,2,4,0,27,False
06c0a716064a4d8281b74cb079ed1dec,51,female,231046,1,secondary_education,38959,employed,7,student,0,0,1,0,1,0,0,1,0,10000000000000,54,10000000000000,10000000000000,10000000000000,10000000000000,4,23,10000000000000,10000000000000,1,0,1,10000000000000,2,0,0,36,0,0,294,False,False,promoter,0,2,0,0,33,6,7,2,4,1,29,True
88234a3bcdbd4511b420474d045b1a92,52,female,133265,1,unknown,27033,employed,9,savings,0,2,0,0,2,0,0,0,4317,10000000000000,0,10000000000000,10000000000000,10000000000000,10000000000000,6,19,10000000000000,10000000000000,0,1,10000000000000,10000000000000,4,2,0,33,1,0,74,False,False,promoter,0,0,0,0,32,3,7,1,1,3,20,False
92fd21769c45415db74a98cb5644052e,34,male,247111,2,bachelor,50144,employed,1,student,0,0,1,0,1,0,0,0,0,10000000000000,62,10000000000000,10000000000000,10000000000000,10000000000000,8,20,10000000000000,10000000000000,0,0,1,10000000000000,3,1,0,24,2,0,32,False,False,promoter,0,0,1,0,17,6,9,2,5,2,23,True
63460a5ed8cc4ed89c78c7fbb671fdea,36,female,194267,2,master,73533,employed,51,business,1,0,0,3,4,2,1,0,9263,10000000000000,76,10000000000000,10000000000000,10000000000000,10000000000000,4,18,10000000000000,10000000000000,0,0,0,1,0,0,0,33,1,0,339,False,False,promoter,0,3,0,0,26,5,7,3,5,1,23,False
dcafe6b39f094e46bb6eb5f7c6d38618,33,female,247185,1,bachelor,37582,employed,41,student,0,0,2,0,2,1,0,0,0,10000000000000,51,10000000000000,10000000000000,10000000000000,10000000000000,6,24,10000000000000,10000000000000,0,0,1,10000000000000,6,1,0,43,1,0,48,False,False,passive,0,1,2,0,21,8,5,0,2,0,18,False
b20098e64dbe4748a9bf07b52efef1a2,44,male,38179,3,bachelor,44999,employed,16,student,0,0,2,0,2,1,0,0,0,10000000000000,44,10000000000000,10000000000000,10000000000000,10000000000000,6,17,10000000000000,10000000000000,0,1,1,10000000000000,3,1,0,34,1,0,25,False,False,passive,1,3,2,1,30,5,8,2,7,0,25,False
32bf81210f034f5a8048ddc662b8595f,51,male,118461,1,bachelor,38450,employed,86,savings,2,3,0,0,5,2,0,0,17945,10000000000000,8,10000000000000,10000000000000,10000000000000,10000000000000,2,14,10000000000000,10000000000000,0,2,10000000000000,0,4,1,0,30,2,0,49,False,False,passive,0,2,0,0,29,3,4,0,6,3,19,False
f3d3a37576ea4ed2bc79ed0fbae32772,33,male,364702,1,bachelor,44982,employed,36,savings,3,2,0,0,5,1,2,0,0,10000000000000,4,10000000000000,10000000000000,10000000000000,10000000000000,6,18,10000000000000,10000000000000,0,0,1,10000000000000,5,1,0,24,3,0,54,False,False,passive,0,1,1,0,18,11,2,0,5,4,27,False
193c7bc087aa4770948b89997f68b64e,46,male,111896,1,bachelor,36412,self-employed,9,standard,3,1,0,0,4,1,0,0,0,10000000000000,0,10000000000000,10000000000000,10000000000000,10000000000000,5,21,10000000000000,10000000000000,0,0,1,10000000000000,3,1,0,20,2,0,71,False,False,passive,0,0,1,0,19,3,3,0,5,2,24,False
799424d3e2e44804a9fb7986eb9f9dd0,48,male,302799,1,bachelor,56775,employed,8,business,1,0,0,5,6,0,0,0,0,0,62,10000000000000,10000000000000,10000000000000,10000000000000,6,21,10000000000000,10000000000000,0,0,1,10000000000000,1,1,0,30,2,0,58,False,False,detractor,0,4,0,0,24,4,4,2,1,2,18,False
cd7a8ed512e541c5bf3bd16cc9aa8a0f,30,male,287950,5,bachelor,51580,employed,7,business,1,0,0,2,3,0,0,1,6459,10000000000000,19,10000000000000,10000000000000,10000000000000,10000000000000,7,9,10000000000000,10000000000000,0,0,10000000000000,10000000000000,4,2,0,29,3,0,9,False,False,passive,0,4,2,0,27,1,3,0,3,2,15,False
01d735a9b25e4260a42736cd46601edb,48,male,388630,2,secondary_education,36113,employed,27,business,0,0,0,0,0,0,0,1,9627,10000000000000,3,10000000000000,10000000000000,10000000000000,10000000000000,1,10,10000000000000,10000000000000,0,0,10000000000000,10000000000000,3,2,0,28,5,0,52,False,False,detractor,3,2,1,1,23,4,5,3,2,2,22,False
a2bd48bd603e4e7d89ba504e62dbbb00,42,male,270399,1,bachelor,53744,unemployed,29,standard,4,0,0,0,4,0,3,0,0,10000000000000,2,10000000000000,10000000000000,10000000000000,10000000000000,5,13,10000000000000,10000000000000,0,1,1,0,3,1,0,32,1,0,24,False,False,promoter,0,2,1,0,26,3,1,2,8,4,21,False
f282e4983c254e3e940137ed04b13a0a,32,male,197946,2,secondary_education,20092,employed,56,business,3,0,0,3,6,1,1,0,0,10000000000000,24,10000000000000,10000000000000,10000000000000,10000000000000,3,20,10000000000000,10000000000000,0,1,1,80,4,0,0,26,0,0,23,False,False,detractor,0,3,0,0,36,9,4,0,5,3,29,False
904ac12a58984a22876ad9833b2c04df,47,female,166414,2,unknown,27314,employed,39,standard,1,1,0,0,2,2,0,0,0,10000000000000,4,10000000000000,10000000000000,10000000000000,10000000000000,6,21,10000000000000,10000000000000,0,0,1,10000000000000,4,0,0,33,1,0,481,False,False,promoter,0,2,0,0,26,3,8,0,8,1,22,False
6c99866701884ad89a8bff79f8b1440c,37,female,200149,3,unknown,16358,employed,35,student,0,0,1,0,1,0,0,0,0,10000000000000,0,10000000000000,10000000000000,10000000000000,10000000000000,8,24,10000000000000,10000000000000,0,0,1,10000000000000,0,0,0,38,3,0,106,False,False,passive,0,3,0,0,22,3,7,2,4,0,24,True
